SHA256	BYTES	PATH	URL
56cccb4521af41cab8a510e4ba51ea092a808690b3ced243b04b7428b28ccfa1	984	404.html	https://doc.openlux.ai/__openlux_404_probe__
2ae88c02142ee6e39f5f5475bf32f2ff227368822f1516bde804db5f98cdab94	17097	api/docs/public/catalog@@locale=zh-CN/index.html	https://doc.openlux.ai/api/docs/public/catalog?locale=zh-CN
8912b94863d1a34e729a4541394f62220835911bdc28dbf0c317fb2788f02664	2580	api/docs/public/specs/platform/ali-pix/op/get-openapi-v2-image-result-image-id@@locale=en-US&view=d16-v2/index.html	https://doc.openlux.ai/api/docs/public/specs/platform/ali-pix/op/get-openapi-v2-image-result-image-id?view=d16-v2&locale=en-US
0a17105324f1e1b9986c1af8f6a6a264beb05d408b69860837b43472e7d55948	2579	api/docs/public/specs/platform/ali-pix/op/get-openapi-v2-image-result-image-id@@locale=zh-CN&view=d16-v2/index.html	https://doc.openlux.ai/api/docs/public/specs/platform/ali-pix/op/get-openapi-v2-image-result-image-id?view=d16-v2&locale=zh-CN
b002d347cdc9cf03c8f513c527c14c7c107e7d51d5dce9f93fcfdbc8cd0ed0b4	2710	api/docs/public/specs/platform/ali-pix/op/get-openapi-v2-video-lip-sync-tts-list@@locale=en-US&view=d16-v2/index.html	https://doc.openlux.ai/api/docs/public/specs/platform/ali-pix/op/get-openapi-v2-video-lip-sync-tts-list?view=d16-v2&locale=en-US
e109dadd66f3af321d2683ccf2c6ab4ad08c681720dfce7d3471156267043919	2702	api/docs/public/specs/platform/ali-pix/op/get-openapi-v2-video-lip-sync-tts-list@@locale=zh-CN&view=d16-v2/index.html	https://doc.openlux.ai/api/docs/public/specs/platform/ali-pix/op/get-openapi-v2-video-lip-sync-tts-list?view=d16-v2&locale=zh-CN
ef754f3c9ca67ca339e8324a9ca8b6d26dd586306554eb374ff2fa9a3c9bdb51	2580	api/docs/public/specs/platform/ali-pix/op/get-openapi-v2-video-result-video-id@@locale=en-US&view=d16-v2/index.html	https://doc.openlux.ai/api/docs/public/specs/platform/ali-pix/op/get-openapi-v2-video-result-video-id?view=d16-v2&locale=en-US
3efeac1162786124bf927ca4428817622f030f9768ea2a2843c116570151c92c	2589	api/docs/public/specs/platform/ali-pix/op/get-openapi-v2-video-result-video-id@@locale=zh-CN&view=d16-v2/index.html	https://doc.openlux.ai/api/docs/public/specs/platform/ali-pix/op/get-openapi-v2-video-result-video-id?view=d16-v2&locale=zh-CN
e71240d098b76916d1bbf4081f51913c0fe2c10168cbb37f43b8819f3cee4ddf	4517	api/docs/public/specs/platform/ali-pix/op/post-openapi-v2-image-template-generate@@locale=en-US&view=d16-v2/index.html	https://doc.openlux.ai/api/docs/public/specs/platform/ali-pix/op/post-openapi-v2-image-template-generate?view=d16-v2&locale=en-US
305344c113ff199815e0685530160cfcf21974eb132d3c91fdb9ce35e5fbff21	4474	api/docs/public/specs/platform/ali-pix/op/post-openapi-v2-image-template-generate@@locale=zh-CN&view=d16-v2/index.html	https://doc.openlux.ai/api/docs/public/specs/platform/ali-pix/op/post-openapi-v2-image-template-generate?view=d16-v2&locale=zh-CN
25e07cd1c9cbc79d2441ffaa7c2689900c7a422f04c56b6ac862082fbb19b528	4823	api/docs/public/specs/platform/ali-pix/op/post-openapi-v2-image-upload@@locale=en-US&view=d16-v2/index.html	https://doc.openlux.ai/api/docs/public/specs/platform/ali-pix/op/post-openapi-v2-image-upload?view=d16-v2&locale=en-US
4c912b6edd6ce9b1b54373c5029261f808ab991c257b12cb4a9b18a033467d2d	4665	api/docs/public/specs/platform/ali-pix/op/post-openapi-v2-image-upload@@locale=zh-CN&view=d16-v2/index.html	https://doc.openlux.ai/api/docs/public/specs/platform/ali-pix/op/post-openapi-v2-image-upload?view=d16-v2&locale=zh-CN
2681ec4bae0a580e955f6a346fbe1b36b77ce537378713c146e37a0d766b362a	5282	api/docs/public/specs/platform/ali-pix/op/post-openapi-v2-media-upload@@locale=en-US&view=d16-v2/index.html	https://doc.openlux.ai/api/docs/public/specs/platform/ali-pix/op/post-openapi-v2-media-upload?view=d16-v2&locale=en-US
5e0329e5ab91767f8d33b57337f548ec11a6ba463443addfbaf0186bb41037a0	5221	api/docs/public/specs/platform/ali-pix/op/post-openapi-v2-media-upload@@locale=zh-CN&view=d16-v2/index.html	https://doc.openlux.ai/api/docs/public/specs/platform/ali-pix/op/post-openapi-v2-media-upload?view=d16-v2&locale=zh-CN
b5f50a314884f1bf0fe6a125b47e74676174a15be79f1901efe0624b58b9d3a8	6783	api/docs/public/specs/platform/ali-pix/op/post-openapi-v2-video-extend-generate@@locale=en-US&view=d16-v2/index.html	https://doc.openlux.ai/api/docs/public/specs/platform/ali-pix/op/post-openapi-v2-video-extend-generate?view=d16-v2&locale=en-US
a8453df0b836e46e21f519c3fe85285a9134e8fda058da30e1f089edd39ca974	6683	api/docs/public/specs/platform/ali-pix/op/post-openapi-v2-video-extend-generate@@locale=zh-CN&view=d16-v2/index.html	https://doc.openlux.ai/api/docs/public/specs/platform/ali-pix/op/post-openapi-v2-video-extend-generate?view=d16-v2&locale=zh-CN
7333d2e84a35dcf554fe0412eab7f1374273dfd3efefba1669cb51aebb18281c	8200	api/docs/public/specs/platform/ali-pix/op/post-openapi-v2-video-fusion-generate@@locale=en-US&view=d16-v2/index.html	https://doc.openlux.ai/api/docs/public/specs/platform/ali-pix/op/post-openapi-v2-video-fusion-generate?view=d16-v2&locale=en-US
43cae0dc8c22245db13a69b47ab4b916bfcceafc8a114d84ff95e531824fc237	7907	api/docs/public/specs/platform/ali-pix/op/post-openapi-v2-video-fusion-generate@@locale=zh-CN&view=d16-v2/index.html	https://doc.openlux.ai/api/docs/public/specs/platform/ali-pix/op/post-openapi-v2-video-fusion-generate?view=d16-v2&locale=zh-CN
f4f2cfbedee7f863d4cdcb568996a3b8bed325d07a494eb00631384d5805efb4	5957	api/docs/public/specs/platform/ali-pix/op/post-openapi-v2-video-img-generate@@locale=en-US&view=d16-v2/index.html	https://doc.openlux.ai/api/docs/public/specs/platform/ali-pix/op/post-openapi-v2-video-img-generate?view=d16-v2&locale=en-US
c66bfc7570a3a42d87ec681563e91931eb705584abc055487af506c472c3e5a2	5736	api/docs/public/specs/platform/ali-pix/op/post-openapi-v2-video-img-generate@@locale=zh-CN&view=d16-v2/index.html	https://doc.openlux.ai/api/docs/public/specs/platform/ali-pix/op/post-openapi-v2-video-img-generate?view=d16-v2&locale=zh-CN
580a837d15a8e5c02da5dcd04683dfabbe81ce2dcded70657e61c439f37b9669	5898	api/docs/public/specs/platform/ali-pix/op/post-openapi-v2-video-lip-sync-generate@@locale=en-US&view=d16-v2/index.html	https://doc.openlux.ai/api/docs/public/specs/platform/ali-pix/op/post-openapi-v2-video-lip-sync-generate?view=d16-v2&locale=en-US
cb010a721051c9f45c325239c6c65d8199c38e40593e6a82e8ea10cf6aeeed32	5896	api/docs/public/specs/platform/ali-pix/op/post-openapi-v2-video-lip-sync-generate@@locale=zh-CN&view=d16-v2/index.html	https://doc.openlux.ai/api/docs/public/specs/platform/ali-pix/op/post-openapi-v2-video-lip-sync-generate?view=d16-v2&locale=zh-CN
490c369e67d75e8c45bf8b67f0fc97071ec8bb1f073b17009239ae2022e3f8f9	4974	api/docs/public/specs/platform/ali-pix/op/post-openapi-v2-video-mask-selection@@locale=en-US&view=d16-v2/index.html	https://doc.openlux.ai/api/docs/public/specs/platform/ali-pix/op/post-openapi-v2-video-mask-selection?view=d16-v2&locale=en-US
736319c98410e487fab4d5520c8d6d0ef82dcc8ca57549d917ff7ef513b21005	4856	api/docs/public/specs/platform/ali-pix/op/post-openapi-v2-video-mask-selection@@locale=zh-CN&view=d16-v2/index.html	https://doc.openlux.ai/api/docs/public/specs/platform/ali-pix/op/post-openapi-v2-video-mask-selection?view=d16-v2&locale=zh-CN
40c156448e0354f0bf0dc5fa262e0847255430d27ef387681e7ebf81b5799ad6	5119	api/docs/public/specs/platform/ali-pix/op/post-openapi-v2-video-mimic-generate@@locale=en-US&view=d16-v2/index.html	https://doc.openlux.ai/api/docs/public/specs/platform/ali-pix/op/post-openapi-v2-video-mimic-generate?view=d16-v2&locale=en-US
52924b17ee19164456346d0e0c596ae45096a53e8f9b7845b9de3fefa868acb6	5012	api/docs/public/specs/platform/ali-pix/op/post-openapi-v2-video-mimic-generate@@locale=zh-CN&view=d16-v2/index.html	https://doc.openlux.ai/api/docs/public/specs/platform/ali-pix/op/post-openapi-v2-video-mimic-generate?view=d16-v2&locale=zh-CN
e55bbc0e54c7d259054cf794c99d58414dad30574854e559a4e7a5091ee74f3a	6710	api/docs/public/specs/platform/ali-pix/op/post-openapi-v2-video-modify-generate@@locale=en-US&view=d16-v2/index.html	https://doc.openlux.ai/api/docs/public/specs/platform/ali-pix/op/post-openapi-v2-video-modify-generate?view=d16-v2&locale=en-US
0e38831e210d93061562ba6037f0ba46ee386e349a7ed90ee1cc3dc6cd293b17	6548	api/docs/public/specs/platform/ali-pix/op/post-openapi-v2-video-modify-generate@@locale=zh-CN&view=d16-v2/index.html	https://doc.openlux.ai/api/docs/public/specs/platform/ali-pix/op/post-openapi-v2-video-modify-generate?view=d16-v2&locale=zh-CN
2beede27737d5a099ba11a681770259a0d32faeb764e4abb02fecc7603d24a8a	6615	api/docs/public/specs/platform/ali-pix/op/post-openapi-v2-video-multi-transition-generate@@locale=en-US&view=d16-v2/index.html	https://doc.openlux.ai/api/docs/public/specs/platform/ali-pix/op/post-openapi-v2-video-multi-transition-generate?view=d16-v2&locale=en-US
2b354407044cf6f429afa46e834132b762f922bd8392da36b24ebdcbcbaebf6d	6591	api/docs/public/specs/platform/ali-pix/op/post-openapi-v2-video-multi-transition-generate@@locale=zh-CN&view=d16-v2/index.html	https://doc.openlux.ai/api/docs/public/specs/platform/ali-pix/op/post-openapi-v2-video-multi-transition-generate?view=d16-v2&locale=zh-CN
bdea015d6320957109d2eb9ff90318e865d76a027998b97be2af86769c725e01	5474	api/docs/public/specs/platform/ali-pix/op/post-openapi-v2-video-restyle-generate@@locale=en-US&view=d16-v2/index.html	https://doc.openlux.ai/api/docs/public/specs/platform/ali-pix/op/post-openapi-v2-video-restyle-generate?view=d16-v2&locale=en-US
a0ad8cf2a13d47fb69a108b82548a69ef0753d740b451b2d12faab956cb28e8b	5290	api/docs/public/specs/platform/ali-pix/op/post-openapi-v2-video-restyle-generate@@locale=zh-CN&view=d16-v2/index.html	https://doc.openlux.ai/api/docs/public/specs/platform/ali-pix/op/post-openapi-v2-video-restyle-generate?view=d16-v2&locale=zh-CN
93c51b63018a80a2b044997f971a0272f423e1e910e06261ebc90e718a9180f1	5293	api/docs/public/specs/platform/ali-pix/op/post-openapi-v2-video-sound-effect-generate@@locale=en-US&view=d16-v2/index.html	https://doc.openlux.ai/api/docs/public/specs/platform/ali-pix/op/post-openapi-v2-video-sound-effect-generate?view=d16-v2&locale=en-US
a666f2ccbcfee1ccb38564ede0160eecbb9833eb147af6f67ddb61317da0ec4d	5145	api/docs/public/specs/platform/ali-pix/op/post-openapi-v2-video-sound-effect-generate@@locale=zh-CN&view=d16-v2/index.html	https://doc.openlux.ai/api/docs/public/specs/platform/ali-pix/op/post-openapi-v2-video-sound-effect-generate?view=d16-v2&locale=zh-CN
595ccb4fced371ea7e82d2f7d3640a30508b25e1d8c1a7802a8200c35575bc63	5544	api/docs/public/specs/platform/ali-pix/op/post-openapi-v2-video-swap-generate@@locale=en-US&view=d16-v2/index.html	https://doc.openlux.ai/api/docs/public/specs/platform/ali-pix/op/post-openapi-v2-video-swap-generate?view=d16-v2&locale=en-US
d3b0a49995082940585de15709ba0001295c83c070b7f2d9aa9c89a2c12c364e	5413	api/docs/public/specs/platform/ali-pix/op/post-openapi-v2-video-swap-generate@@locale=zh-CN&view=d16-v2/index.html	https://doc.openlux.ai/api/docs/public/specs/platform/ali-pix/op/post-openapi-v2-video-swap-generate?view=d16-v2&locale=zh-CN
94e8b9759543c2d678facb67b4ad431596bb362b16cea5eee1db3db117777968	9630	api/docs/public/specs/platform/ali-pix/op/post-openapi-v2-video-text-generate@@locale=en-US&view=d16-v2/index.html	https://doc.openlux.ai/api/docs/public/specs/platform/ali-pix/op/post-openapi-v2-video-text-generate?view=d16-v2&locale=en-US
3dccbd5ad4c9bbddab6b3bca59212c7378a1cfb800d712c1cbf8486f39b5e197	9173	api/docs/public/specs/platform/ali-pix/op/post-openapi-v2-video-text-generate@@locale=zh-CN&view=d16-v2/index.html	https://doc.openlux.ai/api/docs/public/specs/platform/ali-pix/op/post-openapi-v2-video-text-generate?view=d16-v2&locale=zh-CN
5ed35dad50ad9ad9ce742cc3685153f8995207892dc0e82b786cab11fd05017d	8434	api/docs/public/specs/platform/ali-pix/op/post-openapi-v2-video-transition-generate@@locale=en-US&view=d16-v2/index.html	https://doc.openlux.ai/api/docs/public/specs/platform/ali-pix/op/post-openapi-v2-video-transition-generate?view=d16-v2&locale=en-US
573d2ff7543827926cd97e83995d391e12367f8ae223c6c8df9f861ccf919fb3	8011	api/docs/public/specs/platform/ali-pix/op/post-openapi-v2-video-transition-generate@@locale=zh-CN&view=d16-v2/index.html	https://doc.openlux.ai/api/docs/public/specs/platform/ali-pix/op/post-openapi-v2-video-transition-generate?view=d16-v2&locale=zh-CN
68fa531145e78edc91289296449ed112eabfd2c817480e6705639bcb861e3dcb	3637	api/docs/public/specs/platform/ali-pix/operations@@locale=zh-CN/index.html	https://doc.openlux.ai/api/docs/public/specs/platform/ali-pix/operations?locale=zh-CN
564917f187aa2c671dd8f518e5ce8d74e83b9e1ab73a8687be8459663c2b3184	9303	api/docs/public/specs/platform/alibailian/op/get-alibailian-api-v1-tasks-task-id@@locale=en-US&view=d16-v2/index.html	https://doc.openlux.ai/api/docs/public/specs/platform/alibailian/op/get-alibailian-api-v1-tasks-task-id?view=d16-v2&locale=en-US
3d2935076879a8fea50de31fe4cada52b2a113b581a6f7ef2a12391e854921ae	9199	api/docs/public/specs/platform/alibailian/op/get-alibailian-api-v1-tasks-task-id@@locale=zh-CN&view=d16-v2/index.html	https://doc.openlux.ai/api/docs/public/specs/platform/alibailian/op/get-alibailian-api-v1-tasks-task-id?view=d16-v2&locale=zh-CN
58b9d6728a08c216f9fcc88660de417b963020eb63240754a095a919024f98ab	2535	api/docs/public/specs/platform/alibailian/op/get-alibailian-tasks-task-id@@locale=en-US&view=d16-v2/index.html	https://doc.openlux.ai/api/docs/public/specs/platform/alibailian/op/get-alibailian-tasks-task-id?view=d16-v2&locale=en-US
76961518ef89169fa7ae9bf9842dbfa813fd223def3ab5a15a4c39df8166d1f6	2518	api/docs/public/specs/platform/alibailian/op/get-alibailian-tasks-task-id@@locale=zh-CN&view=d16-v2/index.html	https://doc.openlux.ai/api/docs/public/specs/platform/alibailian/op/get-alibailian-tasks-task-id?view=d16-v2&locale=zh-CN
74c59b4a0747a7b448bc5b591f8c26b4f10686967b9549664740565754c6cd04	4178	api/docs/public/specs/platform/alibailian/op/post-alibailian-api-v1-services-aigc-multimodal-generation-generation@@locale=en-US&view=d16-v2/index.html	https://doc.openlux.ai/api/docs/public/specs/platform/alibailian/op/post-alibailian-api-v1-services-aigc-multimodal-generation-generation?view=d16-v2&locale=en-US
a039839ee57707164fc7187249d17fceca40f98689982cd122e2ac5a20ed61d0	4147	api/docs/public/specs/platform/alibailian/op/post-alibailian-api-v1-services-aigc-multimodal-generation-generation@@locale=zh-CN&view=d16-v2/index.html	https://doc.openlux.ai/api/docs/public/specs/platform/alibailian/op/post-alibailian-api-v1-services-aigc-multimodal-generation-generation?view=d16-v2&locale=zh-CN
99436bf53ab7c1cd69b6ad2cbdee294c9e0f73b579713fb31639406bea0e8002	16697	api/docs/public/specs/platform/alibailian/op/post-alibailian-api-v1-services-aigc-video-generation-video-synthesis@@locale=en-US&view=d16-v2/index.html	https://doc.openlux.ai/api/docs/public/specs/platform/alibailian/op/post-alibailian-api-v1-services-aigc-video-generation-video-synthesis?view=d16-v2&locale=en-US
cacce706a90e9c2158a9ebc5bc4b71471bdbfdbd84d4e5675557e833936a1f0a	15810	api/docs/public/specs/platform/alibailian/op/post-alibailian-api-v1-services-aigc-video-generation-video-synthesis@@locale=zh-CN&view=d16-v2/index.html	https://doc.openlux.ai/api/docs/public/specs/platform/alibailian/op/post-alibailian-api-v1-services-aigc-video-generation-video-synthesis?view=d16-v2&locale=zh-CN
82622176ba1941e5bf544caf0e9570c2108203c86d35122fe32bcd30b963481e	851	api/docs/public/specs/platform/alibailian/operations@@locale=zh-CN/index.html	https://doc.openlux.ai/api/docs/public/specs/platform/alibailian/operations?locale=zh-CN
856379e4dd2997b25c53707ff51ba4d0617f37012f706242aac3069b5af15b5c	4597	api/docs/public/specs/platform/avatar/op/delete-v1-private-avatar-assets-id@@locale=en-US&view=d16-v2/index.html	https://doc.openlux.ai/api/docs/public/specs/platform/avatar/op/delete-v1-private-avatar-assets-id?view=d16-v2&locale=en-US
c4eccada0b72c268129ae186bd5c191cfb8ebbf3e7c01735a62d03db664e9dc2	4570	api/docs/public/specs/platform/avatar/op/delete-v1-private-avatar-assets-id@@locale=zh-CN&view=d16-v2/index.html	https://doc.openlux.ai/api/docs/public/specs/platform/avatar/op/delete-v1-private-avatar-assets-id?view=d16-v2&locale=zh-CN
0dcccf6a0c7991b8176c95ec886615007a42ae4db2e07ffffb0ef8bea35848f7	4690	api/docs/public/specs/platform/avatar/op/delete-v1-private-avatar-groups-id@@locale=en-US&view=d16-v2/index.html	https://doc.openlux.ai/api/docs/public/specs/platform/avatar/op/delete-v1-private-avatar-groups-id?view=d16-v2&locale=en-US
4d56198fa8972b0522773ae19ea4917d4dd6c271e6c397c53e269d5d64f8cec2	4654	api/docs/public/specs/platform/avatar/op/delete-v1-private-avatar-groups-id@@locale=zh-CN&view=d16-v2/index.html	https://doc.openlux.ai/api/docs/public/specs/platform/avatar/op/delete-v1-private-avatar-groups-id?view=d16-v2&locale=zh-CN
88b817d968f6c331064ccbac2d23cdf064567d86e0a4dceb27d2734b2f8298c1	6502	api/docs/public/specs/platform/avatar/op/get-v1-private-avatar-assets-id@@locale=en-US&view=d16-v2/index.html	https://doc.openlux.ai/api/docs/public/specs/platform/avatar/op/get-v1-private-avatar-assets-id?view=d16-v2&locale=en-US
2acf7d9e149095a67096d66f6beda5cc53520e3ce7aa24bbab8a9a188b17cd51	6489	api/docs/public/specs/platform/avatar/op/get-v1-private-avatar-assets-id@@locale=zh-CN&view=d16-v2/index.html	https://doc.openlux.ai/api/docs/public/specs/platform/avatar/op/get-v1-private-avatar-assets-id?view=d16-v2&locale=zh-CN
20f64c365e9c60dac032102006be7dd8cf2965f82f9172b3918b164e896f9216	5995	api/docs/public/specs/platform/avatar/op/get-v1-private-avatar-groups-id@@locale=en-US&view=d16-v2/index.html	https://doc.openlux.ai/api/docs/public/specs/platform/avatar/op/get-v1-private-avatar-groups-id?view=d16-v2&locale=en-US
6520dc70f5aa0a4763a499a1f86efa68dd39676498789ddf987eb9a6afd2ec09	5967	api/docs/public/specs/platform/avatar/op/get-v1-private-avatar-groups-id@@locale=zh-CN&view=d16-v2/index.html	https://doc.openlux.ai/api/docs/public/specs/platform/avatar/op/get-v1-private-avatar-groups-id?view=d16-v2&locale=zh-CN
60799d438c171e6714204bafcbe725b585e4d42755c532de604958307bf4f154	5948	api/docs/public/specs/platform/avatar/op/patch-v1-private-avatar-assets-id@@locale=en-US&view=d16-v2/index.html	https://doc.openlux.ai/api/docs/public/specs/platform/avatar/op/patch-v1-private-avatar-assets-id?view=d16-v2&locale=en-US
9b862a058bb4eaefb7634d09821caa528ab734e08e9ee8e6d8d109f8b429c660	5921	api/docs/public/specs/platform/avatar/op/patch-v1-private-avatar-assets-id@@locale=zh-CN&view=d16-v2/index.html	https://doc.openlux.ai/api/docs/public/specs/platform/avatar/op/patch-v1-private-avatar-assets-id?view=d16-v2&locale=zh-CN
485c787e37e4868855c72bdf30c3de3d073c50733eafe92c66e5f42cd7a7a94a	6807	api/docs/public/specs/platform/avatar/op/patch-v1-private-avatar-groups-id@@locale=en-US&view=d16-v2/index.html	https://doc.openlux.ai/api/docs/public/specs/platform/avatar/op/patch-v1-private-avatar-groups-id?view=d16-v2&locale=en-US
7ea3df3318d11a8f436a0f1e38e10a12ed0382b5273fce560962f18872666ca8	6750	api/docs/public/specs/platform/avatar/op/patch-v1-private-avatar-groups-id@@locale=zh-CN&view=d16-v2/index.html	https://doc.openlux.ai/api/docs/public/specs/platform/avatar/op/patch-v1-private-avatar-groups-id?view=d16-v2&locale=zh-CN
25d1a9170e0f79e463b0401d1ec993d99a033206b48c57ad73eb199763655324	10698	api/docs/public/specs/platform/avatar/op/post-v1-private-avatar-assets-list@@locale=en-US&view=d16-v2/index.html	https://doc.openlux.ai/api/docs/public/specs/platform/avatar/op/post-v1-private-avatar-assets-list?view=d16-v2&locale=en-US
c81e4ce310511eb1c1d3c29a7a2ec7bf567de558ed2d69e0d85fe15a01c6c265	10608	api/docs/public/specs/platform/avatar/op/post-v1-private-avatar-assets-list@@locale=zh-CN&view=d16-v2/index.html	https://doc.openlux.ai/api/docs/public/specs/platform/avatar/op/post-v1-private-avatar-assets-list?view=d16-v2&locale=zh-CN
d21928c5b14d1460d20ce5094626a7a7af375bd20baf75bab06f4b9c9ac131ac	7613	api/docs/public/specs/platform/avatar/op/post-v1-private-avatar-assets@@locale=en-US&view=d16-v2/index.html	https://doc.openlux.ai/api/docs/public/specs/platform/avatar/op/post-v1-private-avatar-assets?view=d16-v2&locale=en-US
a26e8c3a2b6132445ad347ecbc2a1c1b10008575c4e5e356fcde02cfbdf156e1	7440	api/docs/public/specs/platform/avatar/op/post-v1-private-avatar-assets@@locale=zh-CN&view=d16-v2/index.html	https://doc.openlux.ai/api/docs/public/specs/platform/avatar/op/post-v1-private-avatar-assets?view=d16-v2&locale=zh-CN
d1b28fe6dd01ab3185856a31e07407ca558e6b08af2d27e7c9dc1d8a1638952d	9498	api/docs/public/specs/platform/avatar/op/post-v1-private-avatar-groups-list@@locale=en-US&view=d16-v2/index.html	https://doc.openlux.ai/api/docs/public/specs/platform/avatar/op/post-v1-private-avatar-groups-list?view=d16-v2&locale=en-US
8d5737105748009d40b3e7a9034bd5432339910b1d594b34ac1874aa60b7266a	9352	api/docs/public/specs/platform/avatar/op/post-v1-private-avatar-groups-list@@locale=zh-CN&view=d16-v2/index.html	https://doc.openlux.ai/api/docs/public/specs/platform/avatar/op/post-v1-private-avatar-groups-list?view=d16-v2&locale=zh-CN
c633a6cdad07333f17788d60e1a76bf2a1403ea33391a210f2f5714623e12e7a	7113	api/docs/public/specs/platform/avatar/op/post-v1-private-avatar-groups@@locale=en-US&view=d16-v2/index.html	https://doc.openlux.ai/api/docs/public/specs/platform/avatar/op/post-v1-private-avatar-groups?view=d16-v2&locale=en-US
5d30300be9b700d615f9fb283070ba6c64f6a68f50acf7611c4cfcdcb6982898	6997	api/docs/public/specs/platform/avatar/op/post-v1-private-avatar-groups@@locale=zh-CN&view=d16-v2/index.html	https://doc.openlux.ai/api/docs/public/specs/platform/avatar/op/post-v1-private-avatar-groups?view=d16-v2&locale=zh-CN
a9576b1a228b5d28cb424d81d2c4d58c24cade6a997b1652a8d5db7a610c325d	7320	api/docs/public/specs/platform/avatar/op/post-v1-real-avatar-auth-session@@locale=en-US&view=d16-v2/index.html	https://doc.openlux.ai/api/docs/public/specs/platform/avatar/op/post-v1-real-avatar-auth-session?view=d16-v2&locale=en-US
3e2ae63004209e884595361f359b96c6de0585990bd64cccf2197e91b3f16030	7041	api/docs/public/specs/platform/avatar/op/post-v1-real-avatar-auth-session@@locale=zh-CN&view=d16-v2/index.html	https://doc.openlux.ai/api/docs/public/specs/platform/avatar/op/post-v1-real-avatar-auth-session?view=d16-v2&locale=zh-CN
86ee3ffff366898ba2536f045443c5acdd14263a6d0574ed832e913b5266d782	6353	api/docs/public/specs/platform/avatar/op/post-v1-real-avatar-groups-from-token@@locale=en-US&view=d16-v2/index.html	https://doc.openlux.ai/api/docs/public/specs/platform/avatar/op/post-v1-real-avatar-groups-from-token?view=d16-v2&locale=en-US
ad935827402a0a82be9ce413ee3841e1504a44c4cf3cf00a6803569a57710d78	6237	api/docs/public/specs/platform/avatar/op/post-v1-real-avatar-groups-from-token@@locale=zh-CN&view=d16-v2/index.html	https://doc.openlux.ai/api/docs/public/specs/platform/avatar/op/post-v1-real-avatar-groups-from-token?view=d16-v2&locale=zh-CN
08fc2b82579ab242916eb24662e009c3802a9ebc028ebf5293e558c97d5abc47	2231	api/docs/public/specs/platform/avatar/operations@@locale=zh-CN/index.html	https://doc.openlux.ai/api/docs/public/specs/platform/avatar/operations?locale=zh-CN
b746b65b11a1ca1c34fa525e15e057aaebc5642db1da574e99a26dab3ef4fc9f	4853	api/docs/public/specs/platform/fal-ai/op/get-fal-ai-model-name-requests-request-id@@locale=en-US&view=d16-v2/index.html	https://doc.openlux.ai/api/docs/public/specs/platform/fal-ai/op/get-fal-ai-model-name-requests-request-id?view=d16-v2&locale=en-US
e3b9c0c9031b8c9877bfb1848e62b99622b6569b55ba6c6743c59999855c7fc4	4841	api/docs/public/specs/platform/fal-ai/op/get-fal-ai-model-name-requests-request-id@@locale=zh-CN&view=d16-v2/index.html	https://doc.openlux.ai/api/docs/public/specs/platform/fal-ai/op/get-fal-ai-model-name-requests-request-id?view=d16-v2&locale=zh-CN
7a93b66bfb04981d7781816edc243a128503c0fadd05a4b2e04e67b4c0816be9	2381	api/docs/public/specs/platform/fal-ai/op/get-fal-ai-modelpath@@locale=en-US&view=d16-v2/index.html	https://doc.openlux.ai/api/docs/public/specs/platform/fal-ai/op/get-fal-ai-modelpath?view=d16-v2&locale=en-US
527fed05983d4cdc740b28f7c7f1aea3c013edd1159df84385d99be303fb68f2	2373	api/docs/public/specs/platform/fal-ai/op/get-fal-ai-modelpath@@locale=zh-CN&view=d16-v2/index.html	https://doc.openlux.ai/api/docs/public/specs/platform/fal-ai/op/get-fal-ai-modelpath?view=d16-v2&locale=zh-CN
337df4a5f5fe894d18a8636db2195404f3d9e252c6c18a6b2bb3c95b81817d40	2426	api/docs/public/specs/platform/fal-ai/op/get-fal-ai-veo3-requests-request-id@@locale=en-US&view=d16-v2/index.html	https://doc.openlux.ai/api/docs/public/specs/platform/fal-ai/op/get-fal-ai-veo3-requests-request-id?view=d16-v2&locale=en-US
b70235d695e6ff3e1713c66380bac457161d82384f5b90e5fe60e2425f3d40e9	2419	api/docs/public/specs/platform/fal-ai/op/get-fal-ai-veo3-requests-request-id@@locale=zh-CN&view=d16-v2/index.html	https://doc.openlux.ai/api/docs/public/specs/platform/fal-ai/op/get-fal-ai-veo3-requests-request-id?view=d16-v2&locale=zh-CN
18eddc1382c0649b5854519644a14b896248b2dfc6ae58842f7ba33584767315	8438	api/docs/public/specs/platform/fal-ai/op/post-fal-ai-bytedance-seedream-v4-edit@@locale=en-US&view=d16-v2/index.html	https://doc.openlux.ai/api/docs/public/specs/platform/fal-ai/op/post-fal-ai-bytedance-seedream-v4-edit?view=d16-v2&locale=en-US
2aca2ae883599b4e2c152e7f1ee25b52cbebc5ebcb190396dd62a0e68d33083a	8397	api/docs/public/specs/platform/fal-ai/op/post-fal-ai-bytedance-seedream-v4-edit@@locale=zh-CN&view=d16-v2/index.html	https://doc.openlux.ai/api/docs/public/specs/platform/fal-ai/op/post-fal-ai-bytedance-seedream-v4-edit?view=d16-v2&locale=zh-CN
4a923c530edf90dbbd23ce1422ea99704c6e3df71e09ddd370556bbe9feac01b	6050	api/docs/public/specs/platform/fal-ai/op/post-fal-ai-bytedance-seedream-v4-text-to-image@@locale=en-US&view=d16-v2/index.html	https://doc.openlux.ai/api/docs/public/specs/platform/fal-ai/op/post-fal-ai-bytedance-seedream-v4-text-to-image?view=d16-v2&locale=en-US
f05324c6ea98ef46f7a1edea619415528a766a5bc3ba8b2ef2ee65723968d006	6041	api/docs/public/specs/platform/fal-ai/op/post-fal-ai-bytedance-seedream-v4-text-to-image@@locale=zh-CN&view=d16-v2/index.html	https://doc.openlux.ai/api/docs/public/specs/platform/fal-ai/op/post-fal-ai-bytedance-seedream-v4-text-to-image?view=d16-v2&locale=zh-CN
1c1e9053ec5e0591ecf09e1c56c489a48933f7f2e42e91ff49978eb9e2387150	8245	api/docs/public/specs/platform/fal-ai/op/post-fal-ai-flux-1-dev-image-to-image@@locale=en-US&view=d16-v2/index.html	https://doc.openlux.ai/api/docs/public/specs/platform/fal-ai/op/post-fal-ai-flux-1-dev-image-to-image?view=d16-v2&locale=en-US
4cae720d09a30509f485c19b2e5b6aacdb03cecd6b0c639a6bfee9eaf484dcd7	8409	api/docs/public/specs/platform/fal-ai/op/post-fal-ai-flux-1-dev-image-to-image@@locale=zh-CN&view=d16-v2/index.html	https://doc.openlux.ai/api/docs/public/specs/platform/fal-ai/op/post-fal-ai-flux-1-dev-image-to-image?view=d16-v2&locale=zh-CN
1bdc8c9b6ecb5f79c17749ac2c0bea67d2aa20519c9b4704d6cbb64a668ccdbe	8456	api/docs/public/specs/platform/fal-ai/op/post-fal-ai-flux-1-dev-redux@@locale=en-US&view=d16-v2/index.html	https://doc.openlux.ai/api/docs/public/specs/platform/fal-ai/op/post-fal-ai-flux-1-dev-redux?view=d16-v2&locale=en-US
c8a1e9b172aad2e0c69092a1fc8af3588cac4a2fd1df83eb0aae01e02c73cd7e	8291	api/docs/public/specs/platform/fal-ai/op/post-fal-ai-flux-1-dev-redux@@locale=zh-CN&view=d16-v2/index.html	https://doc.openlux.ai/api/docs/public/specs/platform/fal-ai/op/post-fal-ai-flux-1-dev-redux?view=d16-v2&locale=zh-CN
18cbc1828a2c5b89adbed8b3d32aa59297a3ea11658dfc74074dd71ab23b7f1e	10396	api/docs/public/specs/platform/fal-ai/op/post-fal-ai-flux-1-dev@@locale=en-US&view=d16-v2/index.html	https://doc.openlux.ai/api/docs/public/specs/platform/fal-ai/op/post-fal-ai-flux-1-dev?view=d16-v2&locale=en-US
817b8f16e7bc7da7398276521ab011cf0c61200069968b1a45382c2f12e6ffdd	10243	api/docs/public/specs/platform/fal-ai/op/post-fal-ai-flux-1-dev@@locale=zh-CN&view=d16-v2/index.html	https://doc.openlux.ai/api/docs/public/specs/platform/fal-ai/op/post-fal-ai-flux-1-dev?view=d16-v2&locale=zh-CN
6600f738da521cec11e3ebc6b5a93beeb20fe5dc2fe084787d8074c827bf351f	7972	api/docs/public/specs/platform/fal-ai/op/post-fal-ai-flux-1-schnell-redux@@locale=en-US&view=d16-v2/index.html	https://doc.openlux.ai/api/docs/public/specs/platform/fal-ai/op/post-fal-ai-flux-1-schnell-redux?view=d16-v2&locale=en-US
8bf917787fa5626eb268a4878e04f138c7089e608b8a665b999a3fdd407e2cda	7861	api/docs/public/specs/platform/fal-ai/op/post-fal-ai-flux-1-schnell-redux@@locale=zh-CN&view=d16-v2/index.html	https://doc.openlux.ai/api/docs/public/specs/platform/fal-ai/op/post-fal-ai-flux-1-schnell-redux?view=d16-v2&locale=zh-CN
62368bd842957c0fa728dbea216418bc11b9a54dd08a57af802045a1fd4855dc	10420	api/docs/public/specs/platform/fal-ai/op/post-fal-ai-flux-1-schnell@@locale=en-US&view=d16-v2/index.html	https://doc.openlux.ai/api/docs/public/specs/platform/fal-ai/op/post-fal-ai-flux-1-schnell?view=d16-v2&locale=en-US
e249f09ed58a54d2f8f8bc4bb8c58f074b16b9ba218250341ebc1558cb8640d9	10267	api/docs/public/specs/platform/fal-ai/op/post-fal-ai-flux-1-schnell@@locale=zh-CN&view=d16-v2/index.html	https://doc.openlux.ai/api/docs/public/specs/platform/fal-ai/op/post-fal-ai-flux-1-schnell?view=d16-v2&locale=zh-CN
86d227d74d6dd84968caf71980090c67afbdacacee01c24600758c6473ec984f	7175	api/docs/public/specs/platform/fal-ai/op/post-fal-ai-flux-lora-image-to-image@@locale=en-US&view=d16-v2/index.html	https://doc.openlux.ai/api/docs/public/specs/platform/fal-ai/op/post-fal-ai-flux-lora-image-to-image?view=d16-v2&locale=en-US
77e0812ca7dccef9b0421b381b882df93a3ddf56ee0326967bc70ec5b4cea794	7263	api/docs/public/specs/platform/fal-ai/op/post-fal-ai-flux-lora-image-to-image@@locale=zh-CN&view=d16-v2/index.html	https://doc.openlux.ai/api/docs/public/specs/platform/fal-ai/op/post-fal-ai-flux-lora-image-to-image?view=d16-v2&locale=zh-CN
21a9457a51e4d2159db11bbef902104c6cb3ab3516b964db2d7d0fb333d6fcf3	8581	api/docs/public/specs/platform/fal-ai/op/post-fal-ai-flux-lora-inpainting@@locale=en-US&view=d16-v2/index.html	https://doc.openlux.ai/api/docs/public/specs/platform/fal-ai/op/post-fal-ai-flux-lora-inpainting?view=d16-v2&locale=en-US
e62f59e2d05045c820ac88fa0a3a5117bde529ceb82bd49e4d8f0db723abf68a	8811	api/docs/public/specs/platform/fal-ai/op/post-fal-ai-flux-lora-inpainting@@locale=zh-CN&view=d16-v2/index.html	https://doc.openlux.ai/api/docs/public/specs/platform/fal-ai/op/post-fal-ai-flux-lora-inpainting?view=d16-v2&locale=zh-CN
cf9a0dcd3fcf3ae55c062b5f19228fa581a593c4b3b37211c38c2aa9d489eff7	7649	api/docs/public/specs/platform/fal-ai/op/post-fal-ai-flux-lora@@locale=en-US&view=d16-v2/index.html	https://doc.openlux.ai/api/docs/public/specs/platform/fal-ai/op/post-fal-ai-flux-lora?view=d16-v2&locale=en-US
9cf1b21ae74067291399ed2969acba8129c236aaddb8d2bebf4f17170da3fcd7	7711	api/docs/public/specs/platform/fal-ai/op/post-fal-ai-flux-lora@@locale=zh-CN&view=d16-v2/index.html	https://doc.openlux.ai/api/docs/public/specs/platform/fal-ai/op/post-fal-ai-flux-lora?view=d16-v2&locale=zh-CN
35ae9e8d835788bd1bde1a3c421bd9d8944ebf1ae1aeb6c85b34247edf562b3d	7304	api/docs/public/specs/platform/fal-ai/op/post-fal-ai-flux-pro-kontext-max-multi@@locale=en-US&view=d16-v2/index.html	https://doc.openlux.ai/api/docs/public/specs/platform/fal-ai/op/post-fal-ai-flux-pro-kontext-max-multi?view=d16-v2&locale=en-US
9ebabe21d2422b63342cafcd301d6599727762d7a32c91e07665ec6724842671	7279	api/docs/public/specs/platform/fal-ai/op/post-fal-ai-flux-pro-kontext-max-multi@@locale=zh-CN&view=d16-v2/index.html	https://doc.openlux.ai/api/docs/public/specs/platform/fal-ai/op/post-fal-ai-flux-pro-kontext-max-multi?view=d16-v2&locale=zh-CN
3c1a5e6bfd3440ed9a709c0d923dd231f921ec00d9e83d166f824583e77ae709	8532	api/docs/public/specs/platform/fal-ai/op/post-fal-ai-flux-pro-kontext-max-text-to-image@@locale=en-US&view=d16-v2/index.html	https://doc.openlux.ai/api/docs/public/specs/platform/fal-ai/op/post-fal-ai-flux-pro-kontext-max-text-to-image?view=d16-v2&locale=en-US
d8c7446c0ec7bc1814bebca4c0b012cfe6666cefd068fce1f73324f400f4f7bb	8387	api/docs/public/specs/platform/fal-ai/op/post-fal-ai-flux-pro-kontext-max-text-to-image@@locale=zh-CN&view=d16-v2/index.html	https://doc.openlux.ai/api/docs/public/specs/platform/fal-ai/op/post-fal-ai-flux-pro-kontext-max-text-to-image?view=d16-v2&locale=zh-CN
8f1a0d68206245d4e78760a239570b89551dd43f1485f4f61ca9bfad27130a42	7626	api/docs/public/specs/platform/fal-ai/op/post-fal-ai-flux-pro-kontext-max@@locale=en-US&view=d16-v2/index.html	https://doc.openlux.ai/api/docs/public/specs/platform/fal-ai/op/post-fal-ai-flux-pro-kontext-max?view=d16-v2&locale=en-US
e4eb750650ea16d81d4eef4f9c7d46913a39c8ebf87bae0a6dc3ec548b293143	7570	api/docs/public/specs/platform/fal-ai/op/post-fal-ai-flux-pro-kontext-max@@locale=zh-CN&view=d16-v2/index.html	https://doc.openlux.ai/api/docs/public/specs/platform/fal-ai/op/post-fal-ai-flux-pro-kontext-max?view=d16-v2&locale=zh-CN
f117b2329c94e9a6ac65a97d4a44645e18c83ada932582fbf91ece1c47cef0e0	7280	api/docs/public/specs/platform/fal-ai/op/post-fal-ai-flux-pro-kontext-multi@@locale=en-US&view=d16-v2/index.html	https://doc.openlux.ai/api/docs/public/specs/platform/fal-ai/op/post-fal-ai-flux-pro-kontext-multi?view=d16-v2&locale=en-US
261ac6cc60c7fb80c67b4a71937992cc39baee9c51d55c47bee1fb8a5b77ae15	7255	api/docs/public/specs/platform/fal-ai/op/post-fal-ai-flux-pro-kontext-multi@@locale=zh-CN&view=d16-v2/index.html	https://doc.openlux.ai/api/docs/public/specs/platform/fal-ai/op/post-fal-ai-flux-pro-kontext-multi?view=d16-v2&locale=zh-CN
ca75483b004da48ceb9e6f80cfa620cd9767d85f38ed564b0c0638cd3c987bc9	8508	api/docs/public/specs/platform/fal-ai/op/post-fal-ai-flux-pro-kontext-text-to-image@@locale=en-US&view=d16-v2/index.html	https://doc.openlux.ai/api/docs/public/specs/platform/fal-ai/op/post-fal-ai-flux-pro-kontext-text-to-image?view=d16-v2&locale=en-US
491856aa981b75e956decdd10249f352d32676fe7c0e64df7cc34dc25368e981	8363	api/docs/public/specs/platform/fal-ai/op/post-fal-ai-flux-pro-kontext-text-to-image@@locale=zh-CN&view=d16-v2/index.html	https://doc.openlux.ai/api/docs/public/specs/platform/fal-ai/op/post-fal-ai-flux-pro-kontext-text-to-image?view=d16-v2&locale=zh-CN
bb7888e53eb590224021343b8bf3c4f5637919c5d4b449d8c62868ed6a83b180	7662	api/docs/public/specs/platform/fal-ai/op/post-fal-ai-flux-pro-kontext@@locale=en-US&view=d16-v2/index.html	https://doc.openlux.ai/api/docs/public/specs/platform/fal-ai/op/post-fal-ai-flux-pro-kontext?view=d16-v2&locale=en-US
06586600ac6ebc766057e9a54aa53fab6686c7b9edec39b4688d53fd87053ee9	7505	api/docs/public/specs/platform/fal-ai/op/post-fal-ai-flux-pro-kontext@@locale=zh-CN&view=d16-v2/index.html	https://doc.openlux.ai/api/docs/public/specs/platform/fal-ai/op/post-fal-ai-flux-pro-kontext?view=d16-v2&locale=zh-CN
445957b25528222a80df080e0bcbd8813d577b14be256f1b30ad0542c42b8ddb	10539	api/docs/public/specs/platform/fal-ai/op/post-fal-ai-imagen4-preview@@locale=en-US&view=d16-v2/index.html	https://doc.openlux.ai/api/docs/public/specs/platform/fal-ai/op/post-fal-ai-imagen4-preview?view=d16-v2&locale=en-US
9e6759d4832f8c7c1ac575faca6d6636b16fa05ae2e5a734d2c67a4a2d38f2a8	10589	api/docs/public/specs/platform/fal-ai/op/post-fal-ai-imagen4-preview@@locale=zh-CN&view=d16-v2/index.html	https://doc.openlux.ai/api/docs/public/specs/platform/fal-ai/op/post-fal-ai-imagen4-preview?view=d16-v2&locale=zh-CN
bbb9560dbde82cfd36e6ca64ebb3a66a83db941bb52d57e6c2d973e69effe081	7385	api/docs/public/specs/platform/fal-ai/op/post-fal-ai-kling-video-v2-5-turbo-pro-image-to-video@@locale=en-US&view=d16-v2/index.html	https://doc.openlux.ai/api/docs/public/specs/platform/fal-ai/op/post-fal-ai-kling-video-v2-5-turbo-pro-image-to-video?view=d16-v2&locale=en-US
a3b2695d72fae676b5209230f723b9657648936ac168bc6fa5341200c2ec5eaa	7465	api/docs/public/specs/platform/fal-ai/op/post-fal-ai-kling-video-v2-5-turbo-pro-image-to-video@@locale=zh-CN&view=d16-v2/index.html	https://doc.openlux.ai/api/docs/public/specs/platform/fal-ai/op/post-fal-ai-kling-video-v2-5-turbo-pro-image-to-video?view=d16-v2&locale=zh-CN
eefbda87ed174ffe6f46f142751366a1eaef637073eeb28836e936d5190cda8e	5706	api/docs/public/specs/platform/fal-ai/op/post-fal-ai-kling-video-v2-5-turbo-pro-text-to-video@@locale=en-US&view=d16-v2/index.html	https://doc.openlux.ai/api/docs/public/specs/platform/fal-ai/op/post-fal-ai-kling-video-v2-5-turbo-pro-text-to-video?view=d16-v2&locale=en-US
069a2fa6f72c67b7494e8aff9ab91d727217f2f6d964acb4e96550c3f4b707d3	5761	api/docs/public/specs/platform/fal-ai/op/post-fal-ai-kling-video-v2-5-turbo-pro-text-to-video@@locale=zh-CN&view=d16-v2/index.html	https://doc.openlux.ai/api/docs/public/specs/platform/fal-ai/op/post-fal-ai-kling-video-v2-5-turbo-pro-text-to-video?view=d16-v2&locale=zh-CN
5597577e0d9743f60711536bd4adbb7d00f43dedd36ecedd71fab0929d5b1ead	5246	api/docs/public/specs/platform/fal-ai/op/post-fal-ai-model@@locale=en-US&view=d16-v2/index.html	https://doc.openlux.ai/api/docs/public/specs/platform/fal-ai/op/post-fal-ai-model?view=d16-v2&locale=en-US
2d2afdbbf002d0290340670dc5627b8ad863c8eb887949561c7b1caaf873ccb6	5127	api/docs/public/specs/platform/fal-ai/op/post-fal-ai-model@@locale=zh-CN&view=d16-v2/index.html	https://doc.openlux.ai/api/docs/public/specs/platform/fal-ai/op/post-fal-ai-model?view=d16-v2&locale=zh-CN
041a361d475a091994be2ce714a39a46dd142382ce53356b13933b8aab4e699e	7533	api/docs/public/specs/platform/fal-ai/op/post-fal-ai-nano-banana-edit@@locale=en-US&view=d16-v2/index.html	https://doc.openlux.ai/api/docs/public/specs/platform/fal-ai/op/post-fal-ai-nano-banana-edit?view=d16-v2&locale=en-US
b9d766db4dea591f2ca49839e408e7c929eead74c767fc6e9f862a0d6792799e	7470	api/docs/public/specs/platform/fal-ai/op/post-fal-ai-nano-banana-edit@@locale=zh-CN&view=d16-v2/index.html	https://doc.openlux.ai/api/docs/public/specs/platform/fal-ai/op/post-fal-ai-nano-banana-edit?view=d16-v2&locale=zh-CN
68dbdf8f29189f22b47b91b058a91cd61cf516826bb4144796f7c6e9ac5bba45	7270	api/docs/public/specs/platform/fal-ai/op/post-fal-ai-nano-banana@@locale=en-US&view=d16-v2/index.html	https://doc.openlux.ai/api/docs/public/specs/platform/fal-ai/op/post-fal-ai-nano-banana?view=d16-v2&locale=en-US
ec7e9ee1ac7455e3f520c1882d588dfdc0eeb264a124bc6474bf5896cf9b348c	7209	api/docs/public/specs/platform/fal-ai/op/post-fal-ai-nano-banana@@locale=zh-CN&view=d16-v2/index.html	https://doc.openlux.ai/api/docs/public/specs/platform/fal-ai/op/post-fal-ai-nano-banana?view=d16-v2&locale=zh-CN
6f3f6edc12319a0e862dfdae4eb169075515ec010638403badd58f1f4a8264d1	5910	api/docs/public/specs/platform/fal-ai/op/post-fal-ai-qwen-image-edit-lora@@locale=en-US&view=d16-v2/index.html	https://doc.openlux.ai/api/docs/public/specs/platform/fal-ai/op/post-fal-ai-qwen-image-edit-lora?view=d16-v2&locale=en-US
6dbdd22577cc47024792841bcfed40c5b6f51164a9df1ec877c750844e0b002f	5959	api/docs/public/specs/platform/fal-ai/op/post-fal-ai-qwen-image-edit-lora@@locale=zh-CN&view=d16-v2/index.html	https://doc.openlux.ai/api/docs/public/specs/platform/fal-ai/op/post-fal-ai-qwen-image-edit-lora?view=d16-v2&locale=zh-CN
1cce76fad1218f0cc299b27fb5969df687704a308e885323c717b1eb68b793d7	8747	api/docs/public/specs/platform/fal-ai/op/post-fal-ai-qwen-image-edit-plus@@locale=en-US&view=d16-v2/index.html	https://doc.openlux.ai/api/docs/public/specs/platform/fal-ai/op/post-fal-ai-qwen-image-edit-plus?view=d16-v2&locale=en-US
2cdca2d2de277ed68e552ed3a7d931442f4ba1b33bcabedd3c5e334041934144	8821	api/docs/public/specs/platform/fal-ai/op/post-fal-ai-qwen-image-edit-plus@@locale=zh-CN&view=d16-v2/index.html	https://doc.openlux.ai/api/docs/public/specs/platform/fal-ai/op/post-fal-ai-qwen-image-edit-plus?view=d16-v2&locale=zh-CN
c53ae8c4ea47779f70373e37fde8607760a8ab06c8664222daa933a461cb8c2b	8075	api/docs/public/specs/platform/fal-ai/op/post-fal-ai-veo3-fast-image-to-video@@locale=en-US&view=d16-v2/index.html	https://doc.openlux.ai/api/docs/public/specs/platform/fal-ai/op/post-fal-ai-veo3-fast-image-to-video?view=d16-v2&locale=en-US
8dc20ce0cee1b0df7925077ca04bbce7b7e0b374444f2776866e723ec62f36fc	7994	api/docs/public/specs/platform/fal-ai/op/post-fal-ai-veo3-fast-image-to-video@@locale=zh-CN&view=d16-v2/index.html	https://doc.openlux.ai/api/docs/public/specs/platform/fal-ai/op/post-fal-ai-veo3-fast-image-to-video?view=d16-v2&locale=zh-CN
1d81798814cd5f32620a52892ee205e7656c746115546175e79c94bba3c1dcf9	8479	api/docs/public/specs/platform/fal-ai/op/post-fal-ai-veo3-fast@@locale=en-US&view=d16-v2/index.html	https://doc.openlux.ai/api/docs/public/specs/platform/fal-ai/op/post-fal-ai-veo3-fast?view=d16-v2&locale=en-US
0b6620642dcb7db263bb81a88f6e59813102c11542fe5b6ab606931a3f1a6d63	8336	api/docs/public/specs/platform/fal-ai/op/post-fal-ai-veo3-fast@@locale=zh-CN&view=d16-v2/index.html	https://doc.openlux.ai/api/docs/public/specs/platform/fal-ai/op/post-fal-ai-veo3-fast?view=d16-v2&locale=zh-CN
fc0dd349ed4c5d790e4e3733e82d655a1df17ed3cca5d169ecfa6f89aa0c9783	8813	api/docs/public/specs/platform/fal-ai/op/post-fal-ai-veo3-image-to-video@@locale=en-US&view=d16-v2/index.html	https://doc.openlux.ai/api/docs/public/specs/platform/fal-ai/op/post-fal-ai-veo3-image-to-video?view=d16-v2&locale=en-US
80be3771f85e4d130c835a22021ff63eb8ec062ef53ee1fa8a64a6a5311690fb	8766	api/docs/public/specs/platform/fal-ai/op/post-fal-ai-veo3-image-to-video@@locale=zh-CN&view=d16-v2/index.html	https://doc.openlux.ai/api/docs/public/specs/platform/fal-ai/op/post-fal-ai-veo3-image-to-video?view=d16-v2&locale=zh-CN
262bd015147ebcf8bf18bd084a2221d0e9af29c6c36edc2297de228216d3d9ef	8365	api/docs/public/specs/platform/fal-ai/op/post-fal-ai-veo3@@locale=en-US&view=d16-v2/index.html	https://doc.openlux.ai/api/docs/public/specs/platform/fal-ai/op/post-fal-ai-veo3?view=d16-v2&locale=en-US
303e96a824f067b479e2180c229e6725ec3fe1dc3e221730c07718c6f2d18454	8238	api/docs/public/specs/platform/fal-ai/op/post-fal-ai-veo3@@locale=zh-CN&view=d16-v2/index.html	https://doc.openlux.ai/api/docs/public/specs/platform/fal-ai/op/post-fal-ai-veo3?view=d16-v2&locale=zh-CN
6d7a481b40ec0e4348d8e4cf2141d2167647ec7154d6b8c13c17365ff0bfe480	7314	api/docs/public/specs/platform/fal-ai/op/post-fal-ai-vidu-reference-to-image@@locale=en-US&view=d16-v2/index.html	https://doc.openlux.ai/api/docs/public/specs/platform/fal-ai/op/post-fal-ai-vidu-reference-to-image?view=d16-v2&locale=en-US
02a21af23d7dbc4ce138b264c8a1a6477602a7d43d5f7ecdd8fd87fbb0616f56	7293	api/docs/public/specs/platform/fal-ai/op/post-fal-ai-vidu-reference-to-image@@locale=zh-CN&view=d16-v2/index.html	https://doc.openlux.ai/api/docs/public/specs/platform/fal-ai/op/post-fal-ai-vidu-reference-to-image?view=d16-v2&locale=zh-CN
595672ba38c19a5879818d731b2e261935869e9a4ad655dd08e5a37a38745a0e	8682	api/docs/public/specs/platform/fal-ai/op/post-fal-ai-wan-v2-2-a14b-image-to-image@@locale=en-US&view=d16-v2/index.html	https://doc.openlux.ai/api/docs/public/specs/platform/fal-ai/op/post-fal-ai-wan-v2-2-a14b-image-to-image?view=d16-v2&locale=en-US
1c5474c67857771f08c26c923353215e95c1a0b0674865f712f8adb82d387ada	8623	api/docs/public/specs/platform/fal-ai/op/post-fal-ai-wan-v2-2-a14b-image-to-image@@locale=zh-CN&view=d16-v2/index.html	https://doc.openlux.ai/api/docs/public/specs/platform/fal-ai/op/post-fal-ai-wan-v2-2-a14b-image-to-image?view=d16-v2&locale=zh-CN
13d6f0457d248ccc035f2482c3ced4568d0eba23e0f6d424670967a2cc5be8e1	5773	api/docs/public/specs/platform/fal-ai/operations@@locale=zh-CN/index.html	https://doc.openlux.ai/api/docs/public/specs/platform/fal-ai/operations?locale=zh-CN
081e9cfe10f6ce84df14f05380bbfbac74990e7bb16cf1177d952be5d405c0df	2302	api/docs/public/specs/platform/gemini-v1alpha/op/get-v1alpha-models@@locale=en-US&view=d16-v2/index.html	https://doc.openlux.ai/api/docs/public/specs/platform/gemini-v1alpha/op/get-v1alpha-models?view=d16-v2&locale=en-US
586021417a9ef0d94846d62f6455aadea903965ce84779a9975700acbbccff7a	2290	api/docs/public/specs/platform/gemini-v1alpha/op/get-v1alpha-models@@locale=zh-CN&view=d16-v2/index.html	https://doc.openlux.ai/api/docs/public/specs/platform/gemini-v1alpha/op/get-v1alpha-models?view=d16-v2&locale=zh-CN
3204e350af8e1dd7882f1b66d12e398a70809a6e683a9ba9cecd474b1f4bb242	5184	api/docs/public/specs/platform/gemini-v1alpha/op/post-v1alpha-models-path@@locale=en-US&view=d16-v2/index.html	https://doc.openlux.ai/api/docs/public/specs/platform/gemini-v1alpha/op/post-v1alpha-models-path?view=d16-v2&locale=en-US
3da533613cc79b0d10ca5d9aeb7e1c7ce27644f9ff67c7a88acf9a08f093b7e4	5099	api/docs/public/specs/platform/gemini-v1alpha/op/post-v1alpha-models-path@@locale=zh-CN&view=d16-v2/index.html	https://doc.openlux.ai/api/docs/public/specs/platform/gemini-v1alpha/op/post-v1alpha-models-path?view=d16-v2&locale=zh-CN
6ff8e95727dac3ffeb36dcf574fdb95743c955f59c94d5af0088263e70cd8d65	325	api/docs/public/specs/platform/gemini-v1alpha/operations@@locale=zh-CN/index.html	https://doc.openlux.ai/api/docs/public/specs/platform/gemini-v1alpha/operations?locale=zh-CN
5432b1bbebf2a02b98087e3054e90d2bf9e7f5bacdbed9466e326ba7a81b63ae	7199	api/docs/public/specs/platform/gemini-v1beta/op/post-v1beta-models-gemini-2-0-flash-exp-image-generation-generatecontent@@locale=en-US&view=d16-v2/index.html	https://doc.openlux.ai/api/docs/public/specs/platform/gemini-v1beta/op/post-v1beta-models-gemini-2-0-flash-exp-image-generation-generatecontent?view=d16-v2&locale=en-US
3722db27b86f8af9de22463192d56822d6d7e2b5b0026994f2c7f31d8927e9b2	7169	api/docs/public/specs/platform/gemini-v1beta/op/post-v1beta-models-gemini-2-0-flash-exp-image-generation-generatecontent@@locale=zh-CN&view=d16-v2/index.html	https://doc.openlux.ai/api/docs/public/specs/platform/gemini-v1beta/op/post-v1beta-models-gemini-2-0-flash-exp-image-generation-generatecontent?view=d16-v2&locale=zh-CN
d8f1b2da568f1b9c005e01a686cd5588fdee8193e353590b58b0628ac2c44bf3	5535	api/docs/public/specs/platform/gemini-v1beta/op/post-v1beta-models-gemini-2-5-flash-generatecontent@@locale=en-US&view=d16-v2/index.html	https://doc.openlux.ai/api/docs/public/specs/platform/gemini-v1beta/op/post-v1beta-models-gemini-2-5-flash-generatecontent?view=d16-v2&locale=en-US
cad10369f4f2e217bd7185b3b012b6988fb9c219ae6cf62b3ce6bd9170f3a92c	5531	api/docs/public/specs/platform/gemini-v1beta/op/post-v1beta-models-gemini-2-5-flash-generatecontent@@locale=zh-CN&view=d16-v2/index.html	https://doc.openlux.ai/api/docs/public/specs/platform/gemini-v1beta/op/post-v1beta-models-gemini-2-5-flash-generatecontent?view=d16-v2&locale=zh-CN
8075ebfaeb5f26c077435b1233095960a3dc20d613cebc4983b200c1b7ed2087	9053	api/docs/public/specs/platform/gemini-v1beta/op/post-v1beta-models-gemini-2-5-flash-image-generatecontent@@locale=en-US&view=d16-v2/index.html	https://doc.openlux.ai/api/docs/public/specs/platform/gemini-v1beta/op/post-v1beta-models-gemini-2-5-flash-image-generatecontent?view=d16-v2&locale=en-US
55099b8f393d095b6a9bcd957e2cec8f287589909823cdba9130cbaca5a94bb7	8899	api/docs/public/specs/platform/gemini-v1beta/op/post-v1beta-models-gemini-2-5-flash-image-generatecontent@@locale=zh-CN&view=d16-v2/index.html	https://doc.openlux.ai/api/docs/public/specs/platform/gemini-v1beta/op/post-v1beta-models-gemini-2-5-flash-image-generatecontent?view=d16-v2&locale=zh-CN
8c340548c450ad6b749eba5e36e7f37910064257c6630d477be7d6db659816ec	8787	api/docs/public/specs/platform/gemini-v1beta/op/post-v1beta-models-gemini-2-5-flash-preview-tts-generatecontent@@locale=en-US&view=d16-v2/index.html	https://doc.openlux.ai/api/docs/public/specs/platform/gemini-v1beta/op/post-v1beta-models-gemini-2-5-flash-preview-tts-generatecontent?view=d16-v2&locale=en-US
8a208c04f2c31081de5396b8f62b4c70d314298e2ecf016e30546fdc1ca5666b	8953	api/docs/public/specs/platform/gemini-v1beta/op/post-v1beta-models-gemini-2-5-flash-preview-tts-generatecontent@@locale=zh-CN&view=d16-v2/index.html	https://doc.openlux.ai/api/docs/public/specs/platform/gemini-v1beta/op/post-v1beta-models-gemini-2-5-flash-preview-tts-generatecontent?view=d16-v2&locale=zh-CN
5f0537547b17ad48d4dfd5c1861e197ffd57c4c114953a924832b2cbb5548b19	6076	api/docs/public/specs/platform/gemini-v1beta/op/post-v1beta-models-gemini-2-5-pro-generatecontent@@locale=en-US&view=d16-v2/index.html	https://doc.openlux.ai/api/docs/public/specs/platform/gemini-v1beta/op/post-v1beta-models-gemini-2-5-pro-generatecontent?view=d16-v2&locale=en-US
f1dbfb6e03a4abd1563f77b5dca55265d5cfac024652e7eefdcd2f58dcfc5c29	6027	api/docs/public/specs/platform/gemini-v1beta/op/post-v1beta-models-gemini-2-5-pro-generatecontent@@locale=zh-CN&view=d16-v2/index.html	https://doc.openlux.ai/api/docs/public/specs/platform/gemini-v1beta/op/post-v1beta-models-gemini-2-5-pro-generatecontent?view=d16-v2&locale=zh-CN
a4f1492d01fc324db0198c676254962da2a3da481925ae3f53354490b451e327	9356	api/docs/public/specs/platform/gemini-v1beta/op/post-v1beta-models-gemini-2-5-pro-preview-tts-generatecontent@@locale=en-US&view=d16-v2/index.html	https://doc.openlux.ai/api/docs/public/specs/platform/gemini-v1beta/op/post-v1beta-models-gemini-2-5-pro-preview-tts-generatecontent?view=d16-v2&locale=en-US
71be95e7943565858a00f1dff16b720764b90428bba6e6fd29934e300a6cd8a8	9300	api/docs/public/specs/platform/gemini-v1beta/op/post-v1beta-models-gemini-2-5-pro-preview-tts-generatecontent@@locale=zh-CN&view=d16-v2/index.html	https://doc.openlux.ai/api/docs/public/specs/platform/gemini-v1beta/op/post-v1beta-models-gemini-2-5-pro-preview-tts-generatecontent?view=d16-v2&locale=zh-CN
b50bc33eadec99f09afbde2bf74f65073988c2916379c62475d1f77541425ff9	7066	api/docs/public/specs/platform/gemini-v1beta/op/post-v1beta-models-gemini-2-5-pro-streamgeneratecontent@@locale=en-US&view=d16-v2/index.html	https://doc.openlux.ai/api/docs/public/specs/platform/gemini-v1beta/op/post-v1beta-models-gemini-2-5-pro-streamgeneratecontent?view=d16-v2&locale=en-US
7221d5f3edeb1dce993f7f283f8bf401a8eb81eed9886049d8c66d37794d9fad	7018	api/docs/public/specs/platform/gemini-v1beta/op/post-v1beta-models-gemini-2-5-pro-streamgeneratecontent@@locale=zh-CN&view=d16-v2/index.html	https://doc.openlux.ai/api/docs/public/specs/platform/gemini-v1beta/op/post-v1beta-models-gemini-2-5-pro-streamgeneratecontent?view=d16-v2&locale=zh-CN
ccb17564a1ef1f2495c4f8e9ac016e4ec24dc5247095b629293b1982c17d01af	36315	api/docs/public/specs/platform/gemini-v1beta/op/post-v1beta-models-gemini-3-1-flash-lite-image-generatecontent@@locale=en-US&view=d16-v2/index.html	https://doc.openlux.ai/api/docs/public/specs/platform/gemini-v1beta/op/post-v1beta-models-gemini-3-1-flash-lite-image-generatecontent?view=d16-v2&locale=en-US
67cb3779f2300864228e9fa8f18523f1da3303ccabd3641c00cd2efdfbd7e10b	33560	api/docs/public/specs/platform/gemini-v1beta/op/post-v1beta-models-gemini-3-1-flash-lite-image-generatecontent@@locale=zh-CN&view=d16-v2/index.html	https://doc.openlux.ai/api/docs/public/specs/platform/gemini-v1beta/op/post-v1beta-models-gemini-3-1-flash-lite-image-generatecontent?view=d16-v2&locale=zh-CN
a8e161a8a3c636f26859df88cf3c174ee1a606ae195249f722221ad56b391979	8477	api/docs/public/specs/platform/gemini-v1beta/op/post-v1beta-models-gemini-3-pro-image-preview-generatecontent@@locale=en-US&view=d16-v2/index.html	https://doc.openlux.ai/api/docs/public/specs/platform/gemini-v1beta/op/post-v1beta-models-gemini-3-pro-image-preview-generatecontent?view=d16-v2&locale=en-US
b85af5490a7090c17ee4774da189528b320b133931c00d79cfee869eb488791b	8356	api/docs/public/specs/platform/gemini-v1beta/op/post-v1beta-models-gemini-3-pro-image-preview-generatecontent@@locale=zh-CN&view=d16-v2/index.html	https://doc.openlux.ai/api/docs/public/specs/platform/gemini-v1beta/op/post-v1beta-models-gemini-3-pro-image-preview-generatecontent?view=d16-v2&locale=zh-CN
85a7845b0e297a6754e4894a769dbeb3f0356e1c9c5897464d63b2a2916396e5	5845	api/docs/public/specs/platform/gemini-v1beta/op/post-v1beta-models-gemini-3-pro-preview-generatecontent@@locale=en-US&view=d16-v2/index.html	https://doc.openlux.ai/api/docs/public/specs/platform/gemini-v1beta/op/post-v1beta-models-gemini-3-pro-preview-generatecontent?view=d16-v2&locale=en-US
414a6d984a32d86940872fa8d60bdb3dbc6262ef5cdf7ceae613f4b74ad36c3f	5816	api/docs/public/specs/platform/gemini-v1beta/op/post-v1beta-models-gemini-3-pro-preview-generatecontent@@locale=zh-CN&view=d16-v2/index.html	https://doc.openlux.ai/api/docs/public/specs/platform/gemini-v1beta/op/post-v1beta-models-gemini-3-pro-preview-generatecontent?view=d16-v2&locale=zh-CN
2d029a2ee789e68af4ad819b36f89bfbc20d9e84c19af341451277fd1a83c734	5699	api/docs/public/specs/platform/gemini-v1beta/op/post-v1beta-models-gemini-3-pro-preview-streamgeneratecontent@@locale=en-US&view=d16-v2/index.html	https://doc.openlux.ai/api/docs/public/specs/platform/gemini-v1beta/op/post-v1beta-models-gemini-3-pro-preview-streamgeneratecontent?view=d16-v2&locale=en-US
eb626839c991f85e1dc6b651575e37ee782bcfa94fc8c618133b77b69d595233	5657	api/docs/public/specs/platform/gemini-v1beta/op/post-v1beta-models-gemini-3-pro-preview-streamgeneratecontent@@locale=zh-CN&view=d16-v2/index.html	https://doc.openlux.ai/api/docs/public/specs/platform/gemini-v1beta/op/post-v1beta-models-gemini-3-pro-preview-streamgeneratecontent?view=d16-v2&locale=zh-CN
97e4309a281f6631f1f03935454b4dad5da9a7fb1924fdaff432fa52408eb320	5658	api/docs/public/specs/platform/gemini-v1beta/op/post-v1beta-models-gemini-embedding-001-embedcontent@@locale=en-US&view=d16-v2/index.html	https://doc.openlux.ai/api/docs/public/specs/platform/gemini-v1beta/op/post-v1beta-models-gemini-embedding-001-embedcontent?view=d16-v2&locale=en-US
edea0b059299c632e56be4ab5867fb8638e68fd51c3c74974a000e22a5855b5b	5520	api/docs/public/specs/platform/gemini-v1beta/op/post-v1beta-models-gemini-embedding-001-embedcontent@@locale=zh-CN&view=d16-v2/index.html	https://doc.openlux.ai/api/docs/public/specs/platform/gemini-v1beta/op/post-v1beta-models-gemini-embedding-001-embedcontent?view=d16-v2&locale=zh-CN
f96f18eefa1c12f0841a7d1c19c7d5a086aba681f2c55b0487464a611cc2b11c	5090	api/docs/public/specs/platform/gemini-v1beta/op/post-v1beta-models-imagen-4-0-generate-001-predict@@locale=en-US&view=d16-v2/index.html	https://doc.openlux.ai/api/docs/public/specs/platform/gemini-v1beta/op/post-v1beta-models-imagen-4-0-generate-001-predict?view=d16-v2&locale=en-US
9db4ca174620f0c5ece5d5bfc08e7525245cd465332125aa182fb5629961c55c	5018	api/docs/public/specs/platform/gemini-v1beta/op/post-v1beta-models-imagen-4-0-generate-001-predict@@locale=zh-CN&view=d16-v2/index.html	https://doc.openlux.ai/api/docs/public/specs/platform/gemini-v1beta/op/post-v1beta-models-imagen-4-0-generate-001-predict?view=d16-v2&locale=zh-CN
2bccf32cf4c4e7f12c17f52bf2de29c663b3081c3ab49271a42affe87c929a8c	5187	api/docs/public/specs/platform/gemini-v1beta/op/post-v1beta-models-imagen-4-0-ultra-generate-001-predict@@locale=en-US&view=d16-v2/index.html	https://doc.openlux.ai/api/docs/public/specs/platform/gemini-v1beta/op/post-v1beta-models-imagen-4-0-ultra-generate-001-predict?view=d16-v2&locale=en-US
ad8d275b3fa27063183263b65db0b9f7b0e6fed9d7e11197da76d25f7bf95f64	5130	api/docs/public/specs/platform/gemini-v1beta/op/post-v1beta-models-imagen-4-0-ultra-generate-001-predict@@locale=zh-CN&view=d16-v2/index.html	https://doc.openlux.ai/api/docs/public/specs/platform/gemini-v1beta/op/post-v1beta-models-imagen-4-0-ultra-generate-001-predict?view=d16-v2&locale=zh-CN
9653bca00e2bc55f4b80643d14f2fdb270e43a66c22c4bc0d62309520402cfe8	7029	api/docs/public/specs/platform/gemini-v1beta/op/post-v1beta-models-modename-generatecontent@@locale=en-US&view=d16-v2/index.html	https://doc.openlux.ai/api/docs/public/specs/platform/gemini-v1beta/op/post-v1beta-models-modename-generatecontent?view=d16-v2&locale=en-US
dc3c08e1533247eb79c8058a7624b8dc303c4b1ff44477f4733609a4c12f195f	6871	api/docs/public/specs/platform/gemini-v1beta/op/post-v1beta-models-modename-generatecontent@@locale=zh-CN&view=d16-v2/index.html	https://doc.openlux.ai/api/docs/public/specs/platform/gemini-v1beta/op/post-v1beta-models-modename-generatecontent?view=d16-v2&locale=zh-CN
c284557e0de2d78bd46954b63bc90fe23d13a417362fbe026437d0572a429705	2260	api/docs/public/specs/platform/gemini-v1beta/op/post-v1beta-models-path@@locale=en-US&view=d16-v2/index.html	https://doc.openlux.ai/api/docs/public/specs/platform/gemini-v1beta/op/post-v1beta-models-path?view=d16-v2&locale=en-US
0dcb9926be1acde7166724b42f55929523c7ec29223eb8a72bb9b0cfb9ee808e	2257	api/docs/public/specs/platform/gemini-v1beta/op/post-v1beta-models-path@@locale=zh-CN&view=d16-v2/index.html	https://doc.openlux.ai/api/docs/public/specs/platform/gemini-v1beta/op/post-v1beta-models-path?view=d16-v2&locale=zh-CN
493b782dd3ce3a1a56cfe48a90df02ffb342e3224c3d2e886341fc1ec662bf0e	3590	api/docs/public/specs/platform/gemini-v1beta/operations@@locale=zh-CN/index.html	https://doc.openlux.ai/api/docs/public/specs/platform/gemini-v1beta/operations?locale=zh-CN
0bf8c44681cad305f686abfd1a892d16e07afde36e01267fedb61b4b8a79cd79	10765	api/docs/public/specs/platform/grok/op/get-v1-videos-id@@locale=en-US&view=d16-v2/index.html	https://doc.openlux.ai/api/docs/public/specs/platform/grok/op/get-v1-videos-id?view=d16-v2&locale=en-US
313bb989e022726fe094987b332a928eaaf136d0edcc749cb76991ae84fc792c	10766	api/docs/public/specs/platform/grok/op/get-v1-videos-id@@locale=zh-CN&view=d16-v2/index.html	https://doc.openlux.ai/api/docs/public/specs/platform/grok/op/get-v1-videos-id?view=d16-v2&locale=zh-CN
4aa762352191e6bdf86fb79e3aefc5c8f66dc189760064568eedafb93788243b	5273	api/docs/public/specs/platform/grok/op/post-v1-videos-edits@@locale=en-US&view=d16-v2/index.html	https://doc.openlux.ai/api/docs/public/specs/platform/grok/op/post-v1-videos-edits?view=d16-v2&locale=en-US
beac82cf46acf01d2ef745da1d708ba6fe743ecfee094a2d4428cc68e100d702	5281	api/docs/public/specs/platform/grok/op/post-v1-videos-edits@@locale=zh-CN&view=d16-v2/index.html	https://doc.openlux.ai/api/docs/public/specs/platform/grok/op/post-v1-videos-edits?view=d16-v2&locale=zh-CN
9afbeba95eeebfe7258be4376fb50dae14a468302d06b544f6dcb6599e1907f7	5594	api/docs/public/specs/platform/grok/op/post-v1-videos-generations@@locale=en-US&view=d16-v2/index.html	https://doc.openlux.ai/api/docs/public/specs/platform/grok/op/post-v1-videos-generations?view=d16-v2&locale=en-US
e7594a0f1b4c1e17d3a8f0c3a874688877ab521240168540752044a1ecff3dda	5636	api/docs/public/specs/platform/grok/op/post-v1-videos-generations@@locale=zh-CN&view=d16-v2/index.html	https://doc.openlux.ai/api/docs/public/specs/platform/grok/op/post-v1-videos-generations?view=d16-v2&locale=zh-CN
2a2d6599f19e594af02f35f229fa222e591b1a8afec9e5f57f278fee864b3d2c	4576	api/docs/public/specs/platform/grok/op/post-v1-videos@@locale=en-US&view=d16-v2/index.html	https://doc.openlux.ai/api/docs/public/specs/platform/grok/op/post-v1-videos?view=d16-v2&locale=en-US
d947579de6fdad28cd5a852795d0a53223a3e8e7c5efcace8344bcb66f03b3d0	4581	api/docs/public/specs/platform/grok/op/post-v1-videos@@locale=zh-CN&view=d16-v2/index.html	https://doc.openlux.ai/api/docs/public/specs/platform/grok/op/post-v1-videos?view=d16-v2&locale=zh-CN
42f479cb73dcd13813d88ca6d2fe040814827a2231b1bc0ca0253a8603641c6e	571	api/docs/public/specs/platform/grok/operations@@locale=zh-CN/index.html	https://doc.openlux.ai/api/docs/public/specs/platform/grok/operations?locale=zh-CN
3ef44015ce4a261d548e8bcbff24f227e3af7e80700f441b3d52170fc4c05b26	6810	api/docs/public/specs/platform/ideogram-v1/op/post-ideogram-v1-ideogram-v3-edit@@locale=en-US&view=d16-v2/index.html	https://doc.openlux.ai/api/docs/public/specs/platform/ideogram-v1/op/post-ideogram-v1-ideogram-v3-edit?view=d16-v2&locale=en-US
dbaaf5046ecccfc2c718e8dd6d55a90431ce6014504d2ff108ce09a4f6dacf8a	6713	api/docs/public/specs/platform/ideogram-v1/op/post-ideogram-v1-ideogram-v3-edit@@locale=zh-CN&view=d16-v2/index.html	https://doc.openlux.ai/api/docs/public/specs/platform/ideogram-v1/op/post-ideogram-v1-ideogram-v3-edit?view=d16-v2&locale=zh-CN
f669744307edf331814db766dff416ec8ddc6c3ffc6897ce69b486d0ec729a06	11921	api/docs/public/specs/platform/ideogram-v1/op/post-ideogram-v1-ideogram-v3-generate@@locale=en-US&view=d16-v2/index.html	https://doc.openlux.ai/api/docs/public/specs/platform/ideogram-v1/op/post-ideogram-v1-ideogram-v3-generate?view=d16-v2&locale=en-US
83c9315331134488e07e5f34fe9e1916d5bd65279e63b09a7c81d1dc37316a63	11502	api/docs/public/specs/platform/ideogram-v1/op/post-ideogram-v1-ideogram-v3-generate@@locale=zh-CN&view=d16-v2/index.html	https://doc.openlux.ai/api/docs/public/specs/platform/ideogram-v1/op/post-ideogram-v1-ideogram-v3-generate?view=d16-v2&locale=zh-CN
317e386e58546ff8cf993c763c6e3c17ccb79de3428473ee849e91b8e3fcef45	5806	api/docs/public/specs/platform/ideogram-v1/op/post-ideogram-v1-ideogram-v3-reframe@@locale=en-US&view=d16-v2/index.html	https://doc.openlux.ai/api/docs/public/specs/platform/ideogram-v1/op/post-ideogram-v1-ideogram-v3-reframe?view=d16-v2&locale=en-US
17eecad8391a12b0b0bb3634d19564bcb6cf1da952640fb42d00866ddd91e4b5	5687	api/docs/public/specs/platform/ideogram-v1/op/post-ideogram-v1-ideogram-v3-reframe@@locale=zh-CN&view=d16-v2/index.html	https://doc.openlux.ai/api/docs/public/specs/platform/ideogram-v1/op/post-ideogram-v1-ideogram-v3-reframe?view=d16-v2&locale=zh-CN
08f3c83d22d6298e352bdb8ffc452b4f2c78abbc3784e23c67f727cf22077980	6365	api/docs/public/specs/platform/ideogram-v1/op/post-ideogram-v1-ideogram-v3-remix@@locale=en-US&view=d16-v2/index.html	https://doc.openlux.ai/api/docs/public/specs/platform/ideogram-v1/op/post-ideogram-v1-ideogram-v3-remix?view=d16-v2&locale=en-US
56d845785c3da7ef8d4da13f8be8c67fe6d97b7a46c8dd32617e487788b0e292	6227	api/docs/public/specs/platform/ideogram-v1/op/post-ideogram-v1-ideogram-v3-remix@@locale=zh-CN&view=d16-v2/index.html	https://doc.openlux.ai/api/docs/public/specs/platform/ideogram-v1/op/post-ideogram-v1-ideogram-v3-remix?view=d16-v2&locale=zh-CN
e6c5399d67ab5dbdbc45d6c00b6a8f5ff32cfd14f62ee625a9fe408019a793b1	5870	api/docs/public/specs/platform/ideogram-v1/op/post-ideogram-v1-ideogram-v3-replace-background@@locale=en-US&view=d16-v2/index.html	https://doc.openlux.ai/api/docs/public/specs/platform/ideogram-v1/op/post-ideogram-v1-ideogram-v3-replace-background?view=d16-v2&locale=en-US
59e6dd0eecaaf8397155c369a036aaf148120d6a3ed5781dfbda0f71cd1974cf	5761	api/docs/public/specs/platform/ideogram-v1/op/post-ideogram-v1-ideogram-v3-replace-background@@locale=zh-CN&view=d16-v2/index.html	https://doc.openlux.ai/api/docs/public/specs/platform/ideogram-v1/op/post-ideogram-v1-ideogram-v3-replace-background?view=d16-v2&locale=zh-CN
043e3822805471b018f685ca1619912d147cf983547e3e9a4122aed882738a8b	1025	api/docs/public/specs/platform/ideogram-v1/operations@@locale=zh-CN/index.html	https://doc.openlux.ai/api/docs/public/specs/platform/ideogram-v1/operations?locale=zh-CN
02a12ca68551b9aaf0dc7bec4720bb3d1498c8361d46bd15d674a49b0d19d8db	5404	api/docs/public/specs/platform/ideogram/op/post-ideogram-describe@@locale=en-US&view=d16-v2/index.html	https://doc.openlux.ai/api/docs/public/specs/platform/ideogram/op/post-ideogram-describe?view=d16-v2&locale=en-US
e45e489c0a123f053af7ceb4c7cbf5537caddb80384dd4d18857e4c597ccad00	5354	api/docs/public/specs/platform/ideogram/op/post-ideogram-describe@@locale=zh-CN&view=d16-v2/index.html	https://doc.openlux.ai/api/docs/public/specs/platform/ideogram/op/post-ideogram-describe?view=d16-v2&locale=zh-CN
3b448bcdb89bf07b2cb106ade821b134bb7e9a3cde49efd20c8e3239d87de459	14344	api/docs/public/specs/platform/ideogram/op/post-ideogram-generate@@locale=en-US&view=d16-v2/index.html	https://doc.openlux.ai/api/docs/public/specs/platform/ideogram/op/post-ideogram-generate?view=d16-v2&locale=en-US
d1441bee8036dd508ae0f51fc2a0992295adef2bf666a81cc6a301ace4190f89	13988	api/docs/public/specs/platform/ideogram/op/post-ideogram-generate@@locale=zh-CN&view=d16-v2/index.html	https://doc.openlux.ai/api/docs/public/specs/platform/ideogram/op/post-ideogram-generate?view=d16-v2&locale=zh-CN
907655cf1ea414cfc0ede06b475dcb7e953a5047d98888927efa8e19e2ac9ed6	5846	api/docs/public/specs/platform/ideogram/op/post-ideogram-remix@@locale=en-US&view=d16-v2/index.html	https://doc.openlux.ai/api/docs/public/specs/platform/ideogram/op/post-ideogram-remix?view=d16-v2&locale=en-US
dd33ede3dde13d2b829fdec3029adfe7677b9402ceb268bb1a43ee97500d4fb4	5763	api/docs/public/specs/platform/ideogram/op/post-ideogram-remix@@locale=zh-CN&view=d16-v2/index.html	https://doc.openlux.ai/api/docs/public/specs/platform/ideogram/op/post-ideogram-remix?view=d16-v2&locale=zh-CN
275ba6cadb4e40eb7e2ddaa33a5945ece855b6717f41561ff598e59e5cc1106e	5548	api/docs/public/specs/platform/ideogram/op/post-ideogram-upscale@@locale=en-US&view=d16-v2/index.html	https://doc.openlux.ai/api/docs/public/specs/platform/ideogram/op/post-ideogram-upscale?view=d16-v2&locale=en-US
b38a542fe899164b2857b2d18036d8682ad682d1f6fd6768e2689ad158514a24	5481	api/docs/public/specs/platform/ideogram/op/post-ideogram-upscale@@locale=zh-CN&view=d16-v2/index.html	https://doc.openlux.ai/api/docs/public/specs/platform/ideogram/op/post-ideogram-upscale?view=d16-v2&locale=zh-CN
6ed686635cbdab9d771ba7d6b2ac0d806330edf68df3ea6c52024ca18b5499e7	575	api/docs/public/specs/platform/ideogram/operations@@locale=zh-CN/index.html	https://doc.openlux.ai/api/docs/public/specs/platform/ideogram/operations?locale=zh-CN
eaa9970b38469d9859535abefbd10e91e2bfd0c821913680ee5af70eb873dfeb	8726	api/docs/public/specs/platform/jimeng/op/get-jimeng-fetch-task-id@@locale=en-US&view=d16-v2/index.html	https://doc.openlux.ai/api/docs/public/specs/platform/jimeng/op/get-jimeng-fetch-task-id?view=d16-v2&locale=en-US
79721de25d5471909f860a66cb22661cb59e21dca82f60688efeae53259848bc	8676	api/docs/public/specs/platform/jimeng/op/get-jimeng-fetch-task-id@@locale=zh-CN&view=d16-v2/index.html	https://doc.openlux.ai/api/docs/public/specs/platform/jimeng/op/get-jimeng-fetch-task-id?view=d16-v2&locale=zh-CN
3d6b3d4bc1bb651e11964f1e00e99106c29442d57841c1b287d8f9127fcffe51	6098	api/docs/public/specs/platform/jimeng/op/post-jimeng-submit-videos@@locale=en-US&view=d16-v2/index.html	https://doc.openlux.ai/api/docs/public/specs/platform/jimeng/op/post-jimeng-submit-videos?view=d16-v2&locale=en-US
c41f6c6191791c6d6122a4a87720226bfdda7a79ae9ad9c5889edaf02e470818	5937	api/docs/public/specs/platform/jimeng/op/post-jimeng-submit-videos@@locale=zh-CN&view=d16-v2/index.html	https://doc.openlux.ai/api/docs/public/specs/platform/jimeng/op/post-jimeng-submit-videos?view=d16-v2&locale=zh-CN
deb1a85c9fb806cd2016692dd970715025113fbde59c7d51022723d831fa7f5e	340	api/docs/public/specs/platform/jimeng/operations@@locale=zh-CN/index.html	https://doc.openlux.ai/api/docs/public/specs/platform/jimeng/operations?locale=zh-CN
8e7d8f717fdee964ab55ba7b258078a58f0350bde33ae967ac572f5794c32119	2882	api/docs/public/specs/platform/kling/op/get-kling-text-to-video-kling-3-0-turbo-task-id@@locale=en-US&view=d16-v2/index.html	https://doc.openlux.ai/api/docs/public/specs/platform/kling/op/get-kling-text-to-video-kling-3-0-turbo-task-id?view=d16-v2&locale=en-US
8d0f4c1198d57f82265c58ec56d135234653cc6d76bfcb53a7f497b828c9b168	2838	api/docs/public/specs/platform/kling/op/get-kling-text-to-video-kling-3-0-turbo-task-id@@locale=zh-CN&view=d16-v2/index.html	https://doc.openlux.ai/api/docs/public/specs/platform/kling/op/get-kling-text-to-video-kling-3-0-turbo-task-id?view=d16-v2&locale=zh-CN
59f6fb6f28d2028b53d3023e6bdc5f4ab6491ae00066a04515895e3f8be71f98	7035	api/docs/public/specs/platform/kling/op/get-kling-v1-action-action2-task-id@@locale=en-US&view=d16-v2/index.html	https://doc.openlux.ai/api/docs/public/specs/platform/kling/op/get-kling-v1-action-action2-task-id?view=d16-v2&locale=en-US
839bb85b48d04c08a166ce2d70c2061a21cf9037029229e1a17be082b876c190	6930	api/docs/public/specs/platform/kling/op/get-kling-v1-action-action2-task-id@@locale=zh-CN&view=d16-v2/index.html	https://doc.openlux.ai/api/docs/public/specs/platform/kling/op/get-kling-v1-action-action2-task-id?view=d16-v2&locale=zh-CN
6e0f16ea5cfbbf8f10237585645b582ae72390626828c6c1e3b8f106f6ef0799	2689	api/docs/public/specs/platform/kling/op/get-kling-v1-audio-text-to-audio-id@@locale=en-US&view=d16-v2/index.html	https://doc.openlux.ai/api/docs/public/specs/platform/kling/op/get-kling-v1-audio-text-to-audio-id?view=d16-v2&locale=en-US
1442adcc9eab786f8b5723cc27bdbdbc013fe276902e95e85a703e554e2bfe2b	2691	api/docs/public/specs/platform/kling/op/get-kling-v1-audio-text-to-audio-id@@locale=zh-CN&view=d16-v2/index.html	https://doc.openlux.ai/api/docs/public/specs/platform/kling/op/get-kling-v1-audio-text-to-audio-id?view=d16-v2&locale=zh-CN
9415a265c6105d0430c4f999a8e2855d2b753830fce2c97065588b3387eeaa91	2691	api/docs/public/specs/platform/kling/op/get-kling-v1-audio-video-to-audio-id@@locale=en-US&view=d16-v2/index.html	https://doc.openlux.ai/api/docs/public/specs/platform/kling/op/get-kling-v1-audio-video-to-audio-id?view=d16-v2&locale=en-US
92aa399852d830037aee030c4fce3ae9b2b1032f44e570197757c65ca1223a5f	2693	api/docs/public/specs/platform/kling/op/get-kling-v1-audio-video-to-audio-id@@locale=zh-CN&view=d16-v2/index.html	https://doc.openlux.ai/api/docs/public/specs/platform/kling/op/get-kling-v1-audio-video-to-audio-id?view=d16-v2&locale=zh-CN
b54c98a7a106e4debfd9972d46a5549235482ec09faaeace9a025ab64db669b1	2744	api/docs/public/specs/platform/kling/op/get-kling-v1-general-advanced-custom-elements-task-id@@locale=en-US&view=d16-v2/index.html	https://doc.openlux.ai/api/docs/public/specs/platform/kling/op/get-kling-v1-general-advanced-custom-elements-task-id?view=d16-v2&locale=en-US
00dcb52efc16a6d3cf3515899247d72a3d690bb4222e4ad4f8439891f2514ad6	2735	api/docs/public/specs/platform/kling/op/get-kling-v1-general-advanced-custom-elements-task-id@@locale=zh-CN&view=d16-v2/index.html	https://doc.openlux.ai/api/docs/public/specs/platform/kling/op/get-kling-v1-general-advanced-custom-elements-task-id?view=d16-v2&locale=zh-CN
6708dcd7416c4a853de211fb8f5109d103b5364904b1c915ca4157913a83f171	2830	api/docs/public/specs/platform/kling/op/get-kling-v1-general-advanced-presets-elements@@locale=en-US&view=d16-v2/index.html	https://doc.openlux.ai/api/docs/public/specs/platform/kling/op/get-kling-v1-general-advanced-presets-elements?view=d16-v2&locale=en-US
0e0f7cdb79295cb812d712e7b66a10ce0a123663a40314645015dc8848186285	2797	api/docs/public/specs/platform/kling/op/get-kling-v1-general-advanced-presets-elements@@locale=zh-CN&view=d16-v2/index.html	https://doc.openlux.ai/api/docs/public/specs/platform/kling/op/get-kling-v1-general-advanced-presets-elements?view=d16-v2&locale=zh-CN
da7994b7ccdea74cef42603304fb2b5aeca4dfabdd5d14f903737e746c59e45b	2671	api/docs/public/specs/platform/kling/op/get-kling-v1-general-custom-voices-id@@locale=en-US&view=d16-v2/index.html	https://doc.openlux.ai/api/docs/public/specs/platform/kling/op/get-kling-v1-general-custom-voices-id?view=d16-v2&locale=en-US
4895511ed2c87cfb3c39114e730c72e837e89b5edf1300c8f8539ad90cc67ea7	2673	api/docs/public/specs/platform/kling/op/get-kling-v1-general-custom-voices-id@@locale=zh-CN&view=d16-v2/index.html	https://doc.openlux.ai/api/docs/public/specs/platform/kling/op/get-kling-v1-general-custom-voices-id?view=d16-v2&locale=zh-CN
cad13b3ceae7ca3f848f37ee01caf2f4ac94993d364661a985630a5dd65c587b	3697	api/docs/public/specs/platform/kling/op/get-kling-v1-general-presets-voices@@locale=en-US&view=d16-v2/index.html	https://doc.openlux.ai/api/docs/public/specs/platform/kling/op/get-kling-v1-general-presets-voices?view=d16-v2&locale=en-US
52bdc7aef06e876ea575632e4c1412633bcac5cf7451e82dd64a4aee65f7a24a	3678	api/docs/public/specs/platform/kling/op/get-kling-v1-general-presets-voices@@locale=zh-CN&view=d16-v2/index.html	https://doc.openlux.ai/api/docs/public/specs/platform/kling/op/get-kling-v1-general-presets-voices?view=d16-v2&locale=zh-CN
b64db7117a9be99a0aa19fd655c8b78f24f3929a5158e73e06b77151363503e4	2693	api/docs/public/specs/platform/kling/op/get-kling-v1-images-editing-expand-id@@locale=en-US&view=d16-v2/index.html	https://doc.openlux.ai/api/docs/public/specs/platform/kling/op/get-kling-v1-images-editing-expand-id?view=d16-v2&locale=en-US
86199cbc16c33f08cced86eb1396c4f9874ceeb163a7eb7b4cf14d4188468a97	2695	api/docs/public/specs/platform/kling/op/get-kling-v1-images-editing-expand-id@@locale=zh-CN&view=d16-v2/index.html	https://doc.openlux.ai/api/docs/public/specs/platform/kling/op/get-kling-v1-images-editing-expand-id?view=d16-v2&locale=zh-CN
9a2c6c02be310c3f797d16499d12567c40f237ab0141ebcee8c3e3bc7d734ab7	2687	api/docs/public/specs/platform/kling/op/get-kling-v1-images-generations-id@@locale=en-US&view=d16-v2/index.html	https://doc.openlux.ai/api/docs/public/specs/platform/kling/op/get-kling-v1-images-generations-id?view=d16-v2&locale=en-US
62c5e200ca29b88caf96621a0c040f4cdab6e3e3b57c940158b3260d3d7b7af9	2689	api/docs/public/specs/platform/kling/op/get-kling-v1-images-generations-id@@locale=zh-CN&view=d16-v2/index.html	https://doc.openlux.ai/api/docs/public/specs/platform/kling/op/get-kling-v1-images-generations-id?view=d16-v2&locale=zh-CN
f2562355c05d50a9074e450ddfb4e11b9034a3e45f506359a9f6c374cc0771e3	2381	api/docs/public/specs/platform/kling/op/get-kling-v1-images-kolors-virtual-try-on-id@@locale=en-US&view=d16-v2/index.html	https://doc.openlux.ai/api/docs/public/specs/platform/kling/op/get-kling-v1-images-kolors-virtual-try-on-id?view=d16-v2&locale=en-US
a5408a8a118b73853e9a1a696794ded94d9a610d9efdfff57ca28cce6b3ae0c4	2383	api/docs/public/specs/platform/kling/op/get-kling-v1-images-kolors-virtual-try-on-id@@locale=zh-CN&view=d16-v2/index.html	https://doc.openlux.ai/api/docs/public/specs/platform/kling/op/get-kling-v1-images-kolors-virtual-try-on-id?view=d16-v2&locale=zh-CN
2e0e91807c6657028c687d5c9ff91b2b97c91ff64506790bd8834e668e2bb08e	2699	api/docs/public/specs/platform/kling/op/get-kling-v1-images-multi-image2image-id@@locale=en-US&view=d16-v2/index.html	https://doc.openlux.ai/api/docs/public/specs/platform/kling/op/get-kling-v1-images-multi-image2image-id?view=d16-v2&locale=en-US
b48f0dfc8ab981a127afe9cd6243e66d1c1fec526b1ee9165cd6f846b348f463	2701	api/docs/public/specs/platform/kling/op/get-kling-v1-images-multi-image2image-id@@locale=zh-CN&view=d16-v2/index.html	https://doc.openlux.ai/api/docs/public/specs/platform/kling/op/get-kling-v1-images-multi-image2image-id?view=d16-v2&locale=zh-CN
9c187ae52157977951bbba4d2d49a9086262c1ef552df340345ee379a5c080b4	2654	api/docs/public/specs/platform/kling/op/get-kling-v1-images-omni-image-id@@locale=en-US&view=d16-v2/index.html	https://doc.openlux.ai/api/docs/public/specs/platform/kling/op/get-kling-v1-images-omni-image-id?view=d16-v2&locale=en-US
e5998034a79863f242df501af2d6dcde4a5ac0ca05662e6de67a0d2637438f17	2656	api/docs/public/specs/platform/kling/op/get-kling-v1-images-omni-image-id@@locale=zh-CN&view=d16-v2/index.html	https://doc.openlux.ai/api/docs/public/specs/platform/kling/op/get-kling-v1-images-omni-image-id?view=d16-v2&locale=zh-CN
b60c54fdabe1d10cf6b0f39ce47457aafb25e1ddcfacefd23cce558ffb9c34fb	2699	api/docs/public/specs/platform/kling/op/get-kling-v1-videos-advanced-lip-sync-id@@locale=en-US&view=d16-v2/index.html	https://doc.openlux.ai/api/docs/public/specs/platform/kling/op/get-kling-v1-videos-advanced-lip-sync-id?view=d16-v2&locale=en-US
467ef9e157fd394acc4dec966067501b8daf001df19e144f752974fe0e4a39b1	2701	api/docs/public/specs/platform/kling/op/get-kling-v1-videos-advanced-lip-sync-id@@locale=zh-CN&view=d16-v2/index.html	https://doc.openlux.ai/api/docs/public/specs/platform/kling/op/get-kling-v1-videos-advanced-lip-sync-id?view=d16-v2&locale=zh-CN
1bc2b7d1481aacb2e615d328d76e361d223e67f751b87c7af2ed99a0e0eeb99a	2701	api/docs/public/specs/platform/kling/op/get-kling-v1-videos-avatar-image2video-id@@locale=en-US&view=d16-v2/index.html	https://doc.openlux.ai/api/docs/public/specs/platform/kling/op/get-kling-v1-videos-avatar-image2video-id?view=d16-v2&locale=en-US
ea13a248493e2fa5a52e7b5ffca9170cf617340ccb3b5b8b2ad7c562b740868c	2703	api/docs/public/specs/platform/kling/op/get-kling-v1-videos-avatar-image2video-id@@locale=zh-CN&view=d16-v2/index.html	https://doc.openlux.ai/api/docs/public/specs/platform/kling/op/get-kling-v1-videos-avatar-image2video-id?view=d16-v2&locale=zh-CN
6ec0d4f8f0816a714268625a2acdecdd1138dd6c09fff18eafa6c813b08b87e9	2679	api/docs/public/specs/platform/kling/op/get-kling-v1-videos-effects-id@@locale=en-US&view=d16-v2/index.html	https://doc.openlux.ai/api/docs/public/specs/platform/kling/op/get-kling-v1-videos-effects-id?view=d16-v2&locale=en-US
e9cbc7109d3e079466ea1fedb52bbbf81d68be010b0a750d7d15d124631bcc0f	2681	api/docs/public/specs/platform/kling/op/get-kling-v1-videos-effects-id@@locale=zh-CN&view=d16-v2/index.html	https://doc.openlux.ai/api/docs/public/specs/platform/kling/op/get-kling-v1-videos-effects-id?view=d16-v2&locale=zh-CN
1c36847c9d398247a5665c9874d787f4d9def4492c6d4c9d678a118b99d56db9	2687	api/docs/public/specs/platform/kling/op/get-kling-v1-videos-image2video-id@@locale=en-US&view=d16-v2/index.html	https://doc.openlux.ai/api/docs/public/specs/platform/kling/op/get-kling-v1-videos-image2video-id?view=d16-v2&locale=en-US
e2bf87e559b57ecdbd5f720dc91e2268b1304a2a5d297b7248b2eb403f026147	2689	api/docs/public/specs/platform/kling/op/get-kling-v1-videos-image2video-id@@locale=zh-CN&view=d16-v2/index.html	https://doc.openlux.ai/api/docs/public/specs/platform/kling/op/get-kling-v1-videos-image2video-id?view=d16-v2&locale=zh-CN
1578673f8f8257b2dfeaee0703469b939982a96ea725afa6e0e87e530e07ec78	2662	api/docs/public/specs/platform/kling/op/get-kling-v1-videos-motion-control-id@@locale=en-US&view=d16-v2/index.html	https://doc.openlux.ai/api/docs/public/specs/platform/kling/op/get-kling-v1-videos-motion-control-id?view=d16-v2&locale=en-US
2900f8a93209b1a254fc002e88f1cfec0d9e072c5ad7acf04a1f5757a129929f	2664	api/docs/public/specs/platform/kling/op/get-kling-v1-videos-motion-control-id@@locale=zh-CN&view=d16-v2/index.html	https://doc.openlux.ai/api/docs/public/specs/platform/kling/op/get-kling-v1-videos-motion-control-id?view=d16-v2&locale=zh-CN
d0bfe73f844f61fd79033413f82e3130833966dae2ade4a228f72c55044235a3	2662	api/docs/public/specs/platform/kling/op/get-kling-v1-videos-multi-elements-id@@locale=en-US&view=d16-v2/index.html	https://doc.openlux.ai/api/docs/public/specs/platform/kling/op/get-kling-v1-videos-multi-elements-id?view=d16-v2&locale=en-US
fdea142bcb564f59cd590fda38ea29d1e8c666309631c2289ea0f85b44a349ae	2664	api/docs/public/specs/platform/kling/op/get-kling-v1-videos-multi-elements-id@@locale=zh-CN&view=d16-v2/index.html	https://doc.openlux.ai/api/docs/public/specs/platform/kling/op/get-kling-v1-videos-multi-elements-id?view=d16-v2&locale=zh-CN
c18110bc4f8da5100202817803bebaf388a7891df0c4c525bc41fdc0c96fdf19	2699	api/docs/public/specs/platform/kling/op/get-kling-v1-videos-multi-image2video-id@@locale=en-US&view=d16-v2/index.html	https://doc.openlux.ai/api/docs/public/specs/platform/kling/op/get-kling-v1-videos-multi-image2video-id?view=d16-v2&locale=en-US
d71bc7993f928ce525d232705809c1f2be1ca293cae36996c58db36af67597a8	2701	api/docs/public/specs/platform/kling/op/get-kling-v1-videos-multi-image2video-id@@locale=zh-CN&view=d16-v2/index.html	https://doc.openlux.ai/api/docs/public/specs/platform/kling/op/get-kling-v1-videos-multi-image2video-id?view=d16-v2&locale=zh-CN
d8db53bf781a4b46169b652cf2f85e4cdaba6d68f53ba9f654375e1728596b29	2654	api/docs/public/specs/platform/kling/op/get-kling-v1-videos-omni-video-id@@locale=en-US&view=d16-v2/index.html	https://doc.openlux.ai/api/docs/public/specs/platform/kling/op/get-kling-v1-videos-omni-video-id?view=d16-v2&locale=en-US
c4d6a8db58e21279993d9e7ada03f6c66aadf674fa7fa87a2c482354704c8133	2656	api/docs/public/specs/platform/kling/op/get-kling-v1-videos-omni-video-id@@locale=zh-CN&view=d16-v2/index.html	https://doc.openlux.ai/api/docs/public/specs/platform/kling/op/get-kling-v1-videos-omni-video-id?view=d16-v2&locale=zh-CN
6d3657bc141ae65111289a1e59449f9fbb2636959cdb631a5382f3ba39e35a33	5742	api/docs/public/specs/platform/kling/op/get-kling-v1-videos-text2video-task-id@@locale=en-US&view=d16-v2/index.html	https://doc.openlux.ai/api/docs/public/specs/platform/kling/op/get-kling-v1-videos-text2video-task-id?view=d16-v2&locale=en-US
c334200baeda793e53abffda35bfcb83626e3540ae4ada0c935e3056c1b19cc8	5663	api/docs/public/specs/platform/kling/op/get-kling-v1-videos-text2video-task-id@@locale=zh-CN&view=d16-v2/index.html	https://doc.openlux.ai/api/docs/public/specs/platform/kling/op/get-kling-v1-videos-text2video-task-id?view=d16-v2&locale=zh-CN
880946558f2984da071e2c0e30eccbcf3840eb603bc39b680eaf890c726f1a8d	2689	api/docs/public/specs/platform/kling/op/get-kling-v1-videos-video-extend-id@@locale=en-US&view=d16-v2/index.html	https://doc.openlux.ai/api/docs/public/specs/platform/kling/op/get-kling-v1-videos-video-extend-id?view=d16-v2&locale=en-US
5d943fa99c2bc516c5308cfd6979bca3414fc1bcb36a1d7c94823d5da66b7f84	2691	api/docs/public/specs/platform/kling/op/get-kling-v1-videos-video-extend-id@@locale=zh-CN&view=d16-v2/index.html	https://doc.openlux.ai/api/docs/public/specs/platform/kling/op/get-kling-v1-videos-video-extend-id?view=d16-v2&locale=zh-CN
6aacada1dc3f82105ef166fbba74051f8024c5dec9b51c3b272da20a8775922e	13589	api/docs/public/specs/platform/kling/op/post-kling-image-to-video-kling-3-0-turbo@@locale=en-US&view=d16-v2/index.html	https://doc.openlux.ai/api/docs/public/specs/platform/kling/op/post-kling-image-to-video-kling-3-0-turbo?view=d16-v2&locale=en-US
066e6277debc29711e57aaf1f753725ec221f59851379e124b2769bb10aa88c9	14856	api/docs/public/specs/platform/kling/op/post-kling-image-to-video-kling-3-0-turbo@@locale=zh-CN&view=d16-v2/index.html	https://doc.openlux.ai/api/docs/public/specs/platform/kling/op/post-kling-image-to-video-kling-3-0-turbo?view=d16-v2&locale=zh-CN
f94b6fdc437c9a7f2c6a826d88569dc7ef90c7a604cb42d050be3eb182cac413	13443	api/docs/public/specs/platform/kling/op/post-kling-text-to-video-kling-3-0-turbo@@locale=en-US&view=d16-v2/index.html	https://doc.openlux.ai/api/docs/public/specs/platform/kling/op/post-kling-text-to-video-kling-3-0-turbo?view=d16-v2&locale=en-US
caba93acffe75c8f3cfea98a0ade7afe7f7f11519b7c77caa9a728363a935a86	14297	api/docs/public/specs/platform/kling/op/post-kling-text-to-video-kling-3-0-turbo@@locale=zh-CN&view=d16-v2/index.html	https://doc.openlux.ai/api/docs/public/specs/platform/kling/op/post-kling-text-to-video-kling-3-0-turbo?view=d16-v2&locale=zh-CN
5e6f7bc71fee127e02c38beb26f68d495cfa2822efb580a7446e7b029d6a80f3	4499	api/docs/public/specs/platform/kling/op/post-kling-v1-audio-text-to-audio@@locale=en-US&view=d16-v2/index.html	https://doc.openlux.ai/api/docs/public/specs/platform/kling/op/post-kling-v1-audio-text-to-audio?view=d16-v2&locale=en-US
6239aded8fc2343806a402e404ae8d296f1396450d4c580129bf662b07e24e3d	4528	api/docs/public/specs/platform/kling/op/post-kling-v1-audio-text-to-audio@@locale=zh-CN&view=d16-v2/index.html	https://doc.openlux.ai/api/docs/public/specs/platform/kling/op/post-kling-v1-audio-text-to-audio?view=d16-v2&locale=zh-CN
1bab38d66f482c602ffee33eeba9398d3da96bbba48116e3900b8e53f51c14ed	5489	api/docs/public/specs/platform/kling/op/post-kling-v1-audio-tts@@locale=en-US&view=d16-v2/index.html	https://doc.openlux.ai/api/docs/public/specs/platform/kling/op/post-kling-v1-audio-tts?view=d16-v2&locale=en-US
4165d3b1d819856801afbd9bbc1252f85bef20f2a461fd25009b82cd8ce19482	5874	api/docs/public/specs/platform/kling/op/post-kling-v1-audio-tts@@locale=zh-CN&view=d16-v2/index.html	https://doc.openlux.ai/api/docs/public/specs/platform/kling/op/post-kling-v1-audio-tts?view=d16-v2&locale=zh-CN
7fc62d7c2db58a5105ddecf2532003b98cbc9e523598b511f2b663baea4036fd	5956	api/docs/public/specs/platform/kling/op/post-kling-v1-audio-video-to-audio@@locale=en-US&view=d16-v2/index.html	https://doc.openlux.ai/api/docs/public/specs/platform/kling/op/post-kling-v1-audio-video-to-audio?view=d16-v2&locale=en-US
9cb0c56b373d9fc84cbd69007b4357c5f9ea9fd12a0bef971f411b79d6e3ec11	6105	api/docs/public/specs/platform/kling/op/post-kling-v1-audio-video-to-audio@@locale=zh-CN&view=d16-v2/index.html	https://doc.openlux.ai/api/docs/public/specs/platform/kling/op/post-kling-v1-audio-video-to-audio?view=d16-v2&locale=zh-CN
d966e351bb688845c17d9cef6ce78040c495e2ee0416c3debe9b29a94447a33b	9992	api/docs/public/specs/platform/kling/op/post-kling-v1-general-advanced-custom-elements@@locale=en-US&view=d16-v2/index.html	https://doc.openlux.ai/api/docs/public/specs/platform/kling/op/post-kling-v1-general-advanced-custom-elements?view=d16-v2&locale=en-US
870f1b1ca315fbeb4b24914fac1166b22d794be59bb89ef2a09b4ceef36f9c48	12131	api/docs/public/specs/platform/kling/op/post-kling-v1-general-advanced-custom-elements@@locale=zh-CN&view=d16-v2/index.html	https://doc.openlux.ai/api/docs/public/specs/platform/kling/op/post-kling-v1-general-advanced-custom-elements?view=d16-v2&locale=zh-CN
0806b2898b4b7c1d9bc8dcf1864babd25a75ef2c85bf3ec8b48f1309185457c5	5654	api/docs/public/specs/platform/kling/op/post-kling-v1-general-custom-elements@@locale=en-US&view=d16-v2/index.html	https://doc.openlux.ai/api/docs/public/specs/platform/kling/op/post-kling-v1-general-custom-elements?view=d16-v2&locale=en-US
d7d0b0f9d4f30bb427fa103ba9533988a13e41f14cf6d58ce7d248d9b2bf9e0f	6221	api/docs/public/specs/platform/kling/op/post-kling-v1-general-custom-elements@@locale=zh-CN&view=d16-v2/index.html	https://doc.openlux.ai/api/docs/public/specs/platform/kling/op/post-kling-v1-general-custom-elements?view=d16-v2&locale=zh-CN
25566e38e4457f1c1afa20599cf0eb53fab5190f850b407c1a68e0d1139ced0b	5398	api/docs/public/specs/platform/kling/op/post-kling-v1-general-custom-voices@@locale=en-US&view=d16-v2/index.html	https://doc.openlux.ai/api/docs/public/specs/platform/kling/op/post-kling-v1-general-custom-voices?view=d16-v2&locale=en-US
34f14d749a0dfd1e9aece4775a5b658b53df745d05cc9c39b19c109caefa1a83	5531	api/docs/public/specs/platform/kling/op/post-kling-v1-general-custom-voices@@locale=zh-CN&view=d16-v2/index.html	https://doc.openlux.ai/api/docs/public/specs/platform/kling/op/post-kling-v1-general-custom-voices?view=d16-v2&locale=zh-CN
cf501e953f7c58bde42b56e709c3b002d7a93574f6fc7223baa7ec599d392219	3860	api/docs/public/specs/platform/kling/op/post-kling-v1-general-delete-elements@@locale=en-US&view=d16-v2/index.html	https://doc.openlux.ai/api/docs/public/specs/platform/kling/op/post-kling-v1-general-delete-elements?view=d16-v2&locale=en-US
e6201baaa48d9952cd44dae7e2326099c0abc7fe986f4147cf7b198cb1f26919	3860	api/docs/public/specs/platform/kling/op/post-kling-v1-general-delete-elements@@locale=zh-CN&view=d16-v2/index.html	https://doc.openlux.ai/api/docs/public/specs/platform/kling/op/post-kling-v1-general-delete-elements?view=d16-v2&locale=zh-CN
106dfda58efaf9ad1075354ac2676265b8797b6e759c38fb4f7dc22d35d26009	3690	api/docs/public/specs/platform/kling/op/post-kling-v1-general-delete-voices@@locale=en-US&view=d16-v2/index.html	https://doc.openlux.ai/api/docs/public/specs/platform/kling/op/post-kling-v1-general-delete-voices?view=d16-v2&locale=en-US
96140267315abeb491401ed713f018b758e71d15aac7ea0de8b23a6e63779c0f	3693	api/docs/public/specs/platform/kling/op/post-kling-v1-general-delete-voices@@locale=zh-CN&view=d16-v2/index.html	https://doc.openlux.ai/api/docs/public/specs/platform/kling/op/post-kling-v1-general-delete-voices?view=d16-v2&locale=zh-CN
5634206368fad1c9f9c8c122c6d7e1a47b02663b6d562b88755f15d03a6760c8	8619	api/docs/public/specs/platform/kling/op/post-kling-v1-images-editing-expand@@locale=en-US&view=d16-v2/index.html	https://doc.openlux.ai/api/docs/public/specs/platform/kling/op/post-kling-v1-images-editing-expand?view=d16-v2&locale=en-US
0022e9b1483cb5518d7b0f2e1d18c943ee8a1a41298b4d513d8e6991b163a309	8602	api/docs/public/specs/platform/kling/op/post-kling-v1-images-editing-expand@@locale=zh-CN&view=d16-v2/index.html	https://doc.openlux.ai/api/docs/public/specs/platform/kling/op/post-kling-v1-images-editing-expand?view=d16-v2&locale=zh-CN
1dfa532f9bcad06a40479815b5516598e02702a0dc2221601926c5f2df502363	7343	api/docs/public/specs/platform/kling/op/post-kling-v1-images-generations@@locale=en-US&view=d16-v2/index.html	https://doc.openlux.ai/api/docs/public/specs/platform/kling/op/post-kling-v1-images-generations?view=d16-v2&locale=en-US
6024797bf24cfca1baebb0eb77e2d4feb7c8aaa2a130b6d9a34f8ddbc5401ae0	7222	api/docs/public/specs/platform/kling/op/post-kling-v1-images-generations@@locale=zh-CN&view=d16-v2/index.html	https://doc.openlux.ai/api/docs/public/specs/platform/kling/op/post-kling-v1-images-generations?view=d16-v2&locale=zh-CN
19cd4697031040b8e1f89010d6ae666214b993c51c59f7c6fdd833b01a2bb2e1	6077	api/docs/public/specs/platform/kling/op/post-kling-v1-images-kolors-virtual-try-on@@locale=en-US&view=d16-v2/index.html	https://doc.openlux.ai/api/docs/public/specs/platform/kling/op/post-kling-v1-images-kolors-virtual-try-on?view=d16-v2&locale=en-US
4bf53a59fc8cf57c0bc11843f9b837479bb668829be8ac2963d72940538353ad	6058	api/docs/public/specs/platform/kling/op/post-kling-v1-images-kolors-virtual-try-on@@locale=zh-CN&view=d16-v2/index.html	https://doc.openlux.ai/api/docs/public/specs/platform/kling/op/post-kling-v1-images-kolors-virtual-try-on?view=d16-v2&locale=zh-CN
51131e4651334cb5a00bdb875e5f54188527f4d38a658012b9894a0efd2e1ab2	12966	api/docs/public/specs/platform/kling/op/post-kling-v1-images-multi-image2image@@locale=en-US&view=d16-v2/index.html	https://doc.openlux.ai/api/docs/public/specs/platform/kling/op/post-kling-v1-images-multi-image2image?view=d16-v2&locale=en-US
4867493040d6740b78c10dc8fa35e79ecd84e399daf5ec590b9431da1ddf110f	13092	api/docs/public/specs/platform/kling/op/post-kling-v1-images-multi-image2image@@locale=zh-CN&view=d16-v2/index.html	https://doc.openlux.ai/api/docs/public/specs/platform/kling/op/post-kling-v1-images-multi-image2image?view=d16-v2&locale=zh-CN
b74b5c0990ccf79c8a361681fc8c518a5dd3d56e97aeded463f7a06278745672	7717	api/docs/public/specs/platform/kling/op/post-kling-v1-images-omni-image@@locale=en-US&view=d16-v2/index.html	https://doc.openlux.ai/api/docs/public/specs/platform/kling/op/post-kling-v1-images-omni-image?view=d16-v2&locale=en-US
af91ecc4abdb1c3c18d985f53ec915ad05a9e086d1ee371ed4aa439c5e5b6830	8030	api/docs/public/specs/platform/kling/op/post-kling-v1-images-omni-image@@locale=zh-CN&view=d16-v2/index.html	https://doc.openlux.ai/api/docs/public/specs/platform/kling/op/post-kling-v1-images-omni-image?view=d16-v2&locale=zh-CN
e74abb430aad79b8519f4182cb930e88d1b934ea32620720ed7aceb3ee0d5613	8497	api/docs/public/specs/platform/kling/op/post-kling-v1-videos-advanced-lip-sync@@locale=en-US&view=d16-v2/index.html	https://doc.openlux.ai/api/docs/public/specs/platform/kling/op/post-kling-v1-videos-advanced-lip-sync?view=d16-v2&locale=en-US
72d3c9cb3f84843c6c59186225cd0daad4615cd9098c96955ddcb842cc1730eb	9365	api/docs/public/specs/platform/kling/op/post-kling-v1-videos-advanced-lip-sync@@locale=zh-CN&view=d16-v2/index.html	https://doc.openlux.ai/api/docs/public/specs/platform/kling/op/post-kling-v1-videos-advanced-lip-sync?view=d16-v2&locale=zh-CN
22155c5fc19a61ab30d9b06d104a45fa4ccf4d0a7c5bbf66ffbb428e58111bb7	6600	api/docs/public/specs/platform/kling/op/post-kling-v1-videos-avatar-image2video@@locale=en-US&view=d16-v2/index.html	https://doc.openlux.ai/api/docs/public/specs/platform/kling/op/post-kling-v1-videos-avatar-image2video?view=d16-v2&locale=en-US
b635317a5b1a902abd47ec30a9fe1209d69f12155be807e767113af699ebd716	7455	api/docs/public/specs/platform/kling/op/post-kling-v1-videos-avatar-image2video@@locale=zh-CN&view=d16-v2/index.html	https://doc.openlux.ai/api/docs/public/specs/platform/kling/op/post-kling-v1-videos-avatar-image2video?view=d16-v2&locale=zh-CN
9b76b0ce9e1f6c175034b44e2e07741a4dd4ca792d519f4e75aab5170d5ccd10	5378	api/docs/public/specs/platform/kling/op/post-kling-v1-videos-effects@@locale=en-US&view=d16-v2/index.html	https://doc.openlux.ai/api/docs/public/specs/platform/kling/op/post-kling-v1-videos-effects?view=d16-v2&locale=en-US
7b3560634801b00f922e2451d5ba602c2768aafb500e7579a0e6eed807221f91	5538	api/docs/public/specs/platform/kling/op/post-kling-v1-videos-effects@@locale=zh-CN&view=d16-v2/index.html	https://doc.openlux.ai/api/docs/public/specs/platform/kling/op/post-kling-v1-videos-effects?view=d16-v2&locale=zh-CN
8e7a25eba44c1a8a55b56ab75a96ed04bf17f321aa9fc83e95fc3c8257e86018	4635	api/docs/public/specs/platform/kling/op/post-kling-v1-videos-identify-face@@locale=en-US&view=d16-v2/index.html	https://doc.openlux.ai/api/docs/public/specs/platform/kling/op/post-kling-v1-videos-identify-face?view=d16-v2&locale=en-US
98e1e0bdc2c3f5bbebe8a96e96329caf397efb4d2476e85ec3f1772532d99de9	5404	api/docs/public/specs/platform/kling/op/post-kling-v1-videos-identify-face@@locale=zh-CN&view=d16-v2/index.html	https://doc.openlux.ai/api/docs/public/specs/platform/kling/op/post-kling-v1-videos-identify-face?view=d16-v2&locale=zh-CN
1f2861c3c54dc8d2cd4093ab6ab55c0f5c578e15b3538220cffb1dd70b18078d	4584	api/docs/public/specs/platform/kling/op/post-kling-v1-videos-image-recognize@@locale=en-US&view=d16-v2/index.html	https://doc.openlux.ai/api/docs/public/specs/platform/kling/op/post-kling-v1-videos-image-recognize?view=d16-v2&locale=en-US
2420f925c7545f700d62185d2a3d9c22dc0ed6e7a293023e6772e97140ad7898	4830	api/docs/public/specs/platform/kling/op/post-kling-v1-videos-image-recognize@@locale=zh-CN&view=d16-v2/index.html	https://doc.openlux.ai/api/docs/public/specs/platform/kling/op/post-kling-v1-videos-image-recognize?view=d16-v2&locale=zh-CN
097e096978e1793a9c1d19bf32df2438e25b44c6069267be498520798d24a9e7	26878	api/docs/public/specs/platform/kling/op/post-kling-v1-videos-image2video@@locale=en-US&view=d16-v2/index.html	https://doc.openlux.ai/api/docs/public/specs/platform/kling/op/post-kling-v1-videos-image2video?view=d16-v2&locale=en-US
be47a72507d17232c88116573c6fce152b6d78d182c3225a13c3b689838ef55e	24437	api/docs/public/specs/platform/kling/op/post-kling-v1-videos-image2video@@locale=zh-CN&view=d16-v2/index.html	https://doc.openlux.ai/api/docs/public/specs/platform/kling/op/post-kling-v1-videos-image2video?view=d16-v2&locale=zh-CN
acffe954ae3e5b6452f1f08b792d527ce1e4fe768af44cd7a80babe1ca37fe78	9841	api/docs/public/specs/platform/kling/op/post-kling-v1-videos-lip-sync@@locale=en-US&view=d16-v2/index.html	https://doc.openlux.ai/api/docs/public/specs/platform/kling/op/post-kling-v1-videos-lip-sync?view=d16-v2&locale=en-US
6f181ba9011902aa7e47cdb4f34d9dd4248a44e5acd274476b178ce3c585290a	9698	api/docs/public/specs/platform/kling/op/post-kling-v1-videos-lip-sync@@locale=zh-CN&view=d16-v2/index.html	https://doc.openlux.ai/api/docs/public/specs/platform/kling/op/post-kling-v1-videos-lip-sync?view=d16-v2&locale=zh-CN
330ae430912327246f4e815257cff9f96608dc8d15dca101cad6508d105b47ed	9567	api/docs/public/specs/platform/kling/op/post-kling-v1-videos-motion-control@@locale=en-US&view=d16-v2/index.html	https://doc.openlux.ai/api/docs/public/specs/platform/kling/op/post-kling-v1-videos-motion-control?view=d16-v2&locale=en-US
a06ea721ff4a9a79cdacbd5cda893aec95d4a55b17a85ed67ab444f2be068e52	11670	api/docs/public/specs/platform/kling/op/post-kling-v1-videos-motion-control@@locale=zh-CN&view=d16-v2/index.html	https://doc.openlux.ai/api/docs/public/specs/platform/kling/op/post-kling-v1-videos-motion-control?view=d16-v2&locale=zh-CN
e6f12d3d19e094a8b394e44a93b1ba2a345fd4e66a2c6873c29a001ab64e83da	5124	api/docs/public/specs/platform/kling/op/post-kling-v1-videos-multi-elements-add-selection@@locale=en-US&view=d16-v2/index.html	https://doc.openlux.ai/api/docs/public/specs/platform/kling/op/post-kling-v1-videos-multi-elements-add-selection?view=d16-v2&locale=en-US
07a327801adf04ec54ca6f478e54774ceebf52b91e042e74441d2353c0f6a15c	5340	api/docs/public/specs/platform/kling/op/post-kling-v1-videos-multi-elements-add-selection@@locale=zh-CN&view=d16-v2/index.html	https://doc.openlux.ai/api/docs/public/specs/platform/kling/op/post-kling-v1-videos-multi-elements-add-selection?view=d16-v2&locale=zh-CN
f76910b85b83d28d48f2121aac037953a60e9bdab31bb8b722633bdb5633fb75	5133	api/docs/public/specs/platform/kling/op/post-kling-v1-videos-multi-elements-delete-selection@@locale=en-US&view=d16-v2/index.html	https://doc.openlux.ai/api/docs/public/specs/platform/kling/op/post-kling-v1-videos-multi-elements-delete-selection?view=d16-v2&locale=en-US
c153a5883041915e97781a695448bce93e4d957bfb555fecf2b6559a938aec24	5346	api/docs/public/specs/platform/kling/op/post-kling-v1-videos-multi-elements-delete-selection@@locale=zh-CN&view=d16-v2/index.html	https://doc.openlux.ai/api/docs/public/specs/platform/kling/op/post-kling-v1-videos-multi-elements-delete-selection?view=d16-v2&locale=zh-CN
c328935a63be9be037af3c08844434aa08aa2ed923ed9a3c588edc84509e6ac3	4546	api/docs/public/specs/platform/kling/op/post-kling-v1-videos-multi-elements-init-selection@@locale=en-US&view=d16-v2/index.html	https://doc.openlux.ai/api/docs/public/specs/platform/kling/op/post-kling-v1-videos-multi-elements-init-selection?view=d16-v2&locale=en-US
dd1cabd3be47d13eb3daa690f86be0f4808b8ed62e26c98b474c39cda5b68dfa	4898	api/docs/public/specs/platform/kling/op/post-kling-v1-videos-multi-elements-init-selection@@locale=zh-CN&view=d16-v2/index.html	https://doc.openlux.ai/api/docs/public/specs/platform/kling/op/post-kling-v1-videos-multi-elements-init-selection?view=d16-v2&locale=zh-CN
7019d276e830a95fab000e4c591c56310bacd1faf3d714a244b64a02e32c08bd	3983	api/docs/public/specs/platform/kling/op/post-kling-v1-videos-multi-elements-preview-selection@@locale=en-US&view=d16-v2/index.html	https://doc.openlux.ai/api/docs/public/specs/platform/kling/op/post-kling-v1-videos-multi-elements-preview-selection?view=d16-v2&locale=en-US
25fbdf8ef7b3dbc51db4a27c1fc821fd42b2f63180edb5c8b107b9c146a9b02c	3981	api/docs/public/specs/platform/kling/op/post-kling-v1-videos-multi-elements-preview-selection@@locale=zh-CN&view=d16-v2/index.html	https://doc.openlux.ai/api/docs/public/specs/platform/kling/op/post-kling-v1-videos-multi-elements-preview-selection?view=d16-v2&locale=zh-CN
bc9cfee0ddd9221a43e968d0c748e3e10b346641143011e4294413fe8282a16c	7359	api/docs/public/specs/platform/kling/op/post-kling-v1-videos-multi-elements@@locale=en-US&view=d16-v2/index.html	https://doc.openlux.ai/api/docs/public/specs/platform/kling/op/post-kling-v1-videos-multi-elements?view=d16-v2&locale=en-US
98ca3ee09ae1017b15c8a1b8f9936dff12d9a66f8577707837629c4590959e9c	8673	api/docs/public/specs/platform/kling/op/post-kling-v1-videos-multi-elements@@locale=zh-CN&view=d16-v2/index.html	https://doc.openlux.ai/api/docs/public/specs/platform/kling/op/post-kling-v1-videos-multi-elements?view=d16-v2&locale=zh-CN
5d154bc291dcf7f222ace5b47d1d25c93b17053d2a21cdb5f10e9813deeb38e1	12994	api/docs/public/specs/platform/kling/op/post-kling-v1-videos-multi-image2video@@locale=en-US&view=d16-v2/index.html	https://doc.openlux.ai/api/docs/public/specs/platform/kling/op/post-kling-v1-videos-multi-image2video?view=d16-v2&locale=en-US
b9c5c6b34d347f62ebc9a3ddecc0a4e1ae7eec55d514359ae72b7b2b12175323	13699	api/docs/public/specs/platform/kling/op/post-kling-v1-videos-multi-image2video@@locale=zh-CN&view=d16-v2/index.html	https://doc.openlux.ai/api/docs/public/specs/platform/kling/op/post-kling-v1-videos-multi-image2video?view=d16-v2&locale=zh-CN
592506d29d2cba0adbe849026aff366ec95f212bf3db37ac775a0b5a10fcf45b	20199	api/docs/public/specs/platform/kling/op/post-kling-v1-videos-omni-video@@locale=en-US&view=d16-v2/index.html	https://doc.openlux.ai/api/docs/public/specs/platform/kling/op/post-kling-v1-videos-omni-video?view=d16-v2&locale=en-US
e7879150943f8af2009c72aa972cdaec239908184ef1a786c5bb75e982100c77	19091	api/docs/public/specs/platform/kling/op/post-kling-v1-videos-omni-video@@locale=zh-CN&view=d16-v2/index.html	https://doc.openlux.ai/api/docs/public/specs/platform/kling/op/post-kling-v1-videos-omni-video?view=d16-v2&locale=zh-CN
0b8417a3746fdaba822876e89c2272f6ae49497966adf1db895c103b6c0ce694	24663	api/docs/public/specs/platform/kling/op/post-kling-v1-videos-text2video@@locale=en-US&view=d16-v2/index.html	https://doc.openlux.ai/api/docs/public/specs/platform/kling/op/post-kling-v1-videos-text2video?view=d16-v2&locale=en-US
d1aec3f40ac23e273e6b597289ca2295f557d366d3cbde5150a95d2198deb67f	22644	api/docs/public/specs/platform/kling/op/post-kling-v1-videos-text2video@@locale=zh-CN&view=d16-v2/index.html	https://doc.openlux.ai/api/docs/public/specs/platform/kling/op/post-kling-v1-videos-text2video?view=d16-v2&locale=zh-CN
5ca4d7e8212c9d6265b4123d24ddd0dfef210b921bf8fa1d9bd2fdf6ccb0f378	5090	api/docs/public/specs/platform/kling/op/post-kling-v1-videos-video-extend@@locale=en-US&view=d16-v2/index.html	https://doc.openlux.ai/api/docs/public/specs/platform/kling/op/post-kling-v1-videos-video-extend?view=d16-v2&locale=en-US
ba10ccbc626fa9d20f429e207b8b11afe4eb110884cbb1fe6a8208ee6ae83426	5194	api/docs/public/specs/platform/kling/op/post-kling-v1-videos-video-extend@@locale=zh-CN&view=d16-v2/index.html	https://doc.openlux.ai/api/docs/public/specs/platform/kling/op/post-kling-v1-videos-video-extend?view=d16-v2&locale=zh-CN
e2d03d0d10dbb2ca01b31b5b10b1fbcc3c31e0a28e9ed2d2a5a3727025fcc939	9566	api/docs/public/specs/platform/kling/operations@@locale=zh-CN/index.html	https://doc.openlux.ai/api/docs/public/specs/platform/kling/operations?locale=zh-CN
ad42f7adc6a6088ea6d3a86ed1f1b27685e8cb47030a7e52894454c2bbba1cb4	3417	api/docs/public/specs/platform/luma-v1/op/get-luma-v1-task@@locale=en-US&view=d16-v2/index.html	https://doc.openlux.ai/api/docs/public/specs/platform/luma-v1/op/get-luma-v1-task?view=d16-v2&locale=en-US
79b58aba137747fae77ba5a672121026c0c116dcd8716b28bddaed1dcc7f751e	3417	api/docs/public/specs/platform/luma-v1/op/get-luma-v1-task@@locale=zh-CN&view=d16-v2/index.html	https://doc.openlux.ai/api/docs/public/specs/platform/luma-v1/op/get-luma-v1-task?view=d16-v2&locale=zh-CN
e50134b85840f68ee1bf5fa174fa35a21d4a57253c2564dd0119712098ffa678	4219	api/docs/public/specs/platform/luma-v1/op/post-luma-v1-generations@@locale=en-US&view=d16-v2/index.html	https://doc.openlux.ai/api/docs/public/specs/platform/luma-v1/op/post-luma-v1-generations?view=d16-v2&locale=en-US
a7767d7cfa1e38f0e013179546278f876a02739997da47ab91374e2ccfeb1d65	4169	api/docs/public/specs/platform/luma-v1/op/post-luma-v1-generations@@locale=zh-CN&view=d16-v2/index.html	https://doc.openlux.ai/api/docs/public/specs/platform/luma-v1/op/post-luma-v1-generations?view=d16-v2&locale=zh-CN
3224d2ea334c8bcb19ed17289aae36bc93837976ce8ffa14362dc3389ac12818	308	api/docs/public/specs/platform/luma-v1/operations@@locale=zh-CN/index.html	https://doc.openlux.ai/api/docs/public/specs/platform/luma-v1/operations?locale=zh-CN
ae1dd07ef23a88c6cc8128b7b00f05d094c08b5c0c60b3c8ae4b45349067b9a8	5790	api/docs/public/specs/platform/luma/op/get-luma-generations-id@@locale=en-US&view=d16-v2/index.html	https://doc.openlux.ai/api/docs/public/specs/platform/luma/op/get-luma-generations-id?view=d16-v2&locale=en-US
b3d8b7f4af582edfebca12c5ed370fd6ab155f77a1eb71108a29890efe8e340b	5774	api/docs/public/specs/platform/luma/op/get-luma-generations-id@@locale=zh-CN&view=d16-v2/index.html	https://doc.openlux.ai/api/docs/public/specs/platform/luma/op/get-luma-generations-id?view=d16-v2&locale=zh-CN
e89d9bea8f74bfeec3b5cb588b1cec8663abd9b47473ff8125eeefb90c4bdf88	7604	api/docs/public/specs/platform/luma/op/post-luma-generations-id-extend@@locale=en-US&view=d16-v2/index.html	https://doc.openlux.ai/api/docs/public/specs/platform/luma/op/post-luma-generations-id-extend?view=d16-v2&locale=en-US
ab8bc127ebacd88cc334790baec3900396061ab3b696e350f091d8b0d163997f	7574	api/docs/public/specs/platform/luma/op/post-luma-generations-id-extend@@locale=zh-CN&view=d16-v2/index.html	https://doc.openlux.ai/api/docs/public/specs/platform/luma/op/post-luma-generations-id-extend?view=d16-v2&locale=zh-CN
de03dc83c8590853e9b55248047b2097d4fb3e90f4aa86a0e74a8582ffea32ae	9467	api/docs/public/specs/platform/luma/op/post-luma-generations@@locale=en-US&view=d16-v2/index.html	https://doc.openlux.ai/api/docs/public/specs/platform/luma/op/post-luma-generations?view=d16-v2&locale=en-US
717007c9925107261aaeb02125d5c6d868a8336ffd7f19b603235ffda2644d84	9321	api/docs/public/specs/platform/luma/op/post-luma-generations@@locale=zh-CN&view=d16-v2/index.html	https://doc.openlux.ai/api/docs/public/specs/platform/luma/op/post-luma-generations?view=d16-v2&locale=zh-CN
de97e85d07001477b4d2dc8c3706bc3de666975124043e1e52b99e2ae84c3a81	10152	api/docs/public/specs/platform/luma/op/post-luma-tasks@@locale=en-US&view=d16-v2/index.html	https://doc.openlux.ai/api/docs/public/specs/platform/luma/op/post-luma-tasks?view=d16-v2&locale=en-US
d464f1e5599441c74ca91492df1cac796b97d48a1212e1503fd9cba2803681cd	9884	api/docs/public/specs/platform/luma/op/post-luma-tasks@@locale=zh-CN&view=d16-v2/index.html	https://doc.openlux.ai/api/docs/public/specs/platform/luma/op/post-luma-tasks?view=d16-v2&locale=zh-CN
b75f23d9c9713c61ed8e7574ad05ea99a0b7f645660b7fdf737d3dd252f952e7	602	api/docs/public/specs/platform/luma/operations@@locale=zh-CN/index.html	https://doc.openlux.ai/api/docs/public/specs/platform/luma/operations?locale=zh-CN
e0b2f524949d2a9317c4f4ae1a48ff1591336a3c9e65916262e3224eca55126d	5011	api/docs/public/specs/platform/minimax/op/get-minimax-v1-files-retrieve@@locale=en-US&view=d16-v2/index.html	https://doc.openlux.ai/api/docs/public/specs/platform/minimax/op/get-minimax-v1-files-retrieve?view=d16-v2&locale=en-US
ce32a117f73799b3e2f5dcb1900d30e68fbca083a43bed9bb4c3a0700fddb50c	4929	api/docs/public/specs/platform/minimax/op/get-minimax-v1-files-retrieve@@locale=zh-CN&view=d16-v2/index.html	https://doc.openlux.ai/api/docs/public/specs/platform/minimax/op/get-minimax-v1-files-retrieve?view=d16-v2&locale=zh-CN
ddc29cc5e43c07e1487fca58487f635d5b55c4251f37fd5bf0f2d1be8922cac0	4029	api/docs/public/specs/platform/minimax/op/get-minimax-v1-query-t2a-async-query-v2@@locale=en-US&view=d16-v2/index.html	https://doc.openlux.ai/api/docs/public/specs/platform/minimax/op/get-minimax-v1-query-t2a-async-query-v2?view=d16-v2&locale=en-US
e00628f497f509ab6f8f4d3d03c8b913ca7be898f5e84ff07c2850949fc5bae1	3955	api/docs/public/specs/platform/minimax/op/get-minimax-v1-query-t2a-async-query-v2@@locale=zh-CN&view=d16-v2/index.html	https://doc.openlux.ai/api/docs/public/specs/platform/minimax/op/get-minimax-v1-query-t2a-async-query-v2?view=d16-v2&locale=zh-CN
feb8e64d1ec0de38a7243f6c82d009b9b593da7e4288320547d4b3ed91704731	4439	api/docs/public/specs/platform/minimax/op/get-minimax-v1-query-video-generation@@locale=en-US&view=d16-v2/index.html	https://doc.openlux.ai/api/docs/public/specs/platform/minimax/op/get-minimax-v1-query-video-generation?view=d16-v2&locale=en-US
131582ae47af1b87a97c9e554736a31ee2f3b159a1eb0ea5d6e9331de59d3fdf	4376	api/docs/public/specs/platform/minimax/op/get-minimax-v1-query-video-generation@@locale=zh-CN&view=d16-v2/index.html	https://doc.openlux.ai/api/docs/public/specs/platform/minimax/op/get-minimax-v1-query-video-generation?view=d16-v2&locale=zh-CN
ee44f208d72e4fbf808c870d084fd1d998390f82714ec9a2ac9561e2d69151a1	6258	api/docs/public/specs/platform/minimax/op/post-minimax-v1-files@@locale=en-US&view=d16-v2/index.html	https://doc.openlux.ai/api/docs/public/specs/platform/minimax/op/post-minimax-v1-files?view=d16-v2&locale=en-US
08c3c15475a7ff0ef0b6b103ce193209c27232860c26a023ce7f59aee2dafbbb	6149	api/docs/public/specs/platform/minimax/op/post-minimax-v1-files@@locale=zh-CN&view=d16-v2/index.html	https://doc.openlux.ai/api/docs/public/specs/platform/minimax/op/post-minimax-v1-files?view=d16-v2&locale=zh-CN
58051e6dacfca96910bf44e38618609a029b52c0541a5e884e5f4fefe18b1c6a	12251	api/docs/public/specs/platform/minimax/op/post-minimax-v1-t2a-async-v2@@locale=en-US&view=d16-v2/index.html	https://doc.openlux.ai/api/docs/public/specs/platform/minimax/op/post-minimax-v1-t2a-async-v2?view=d16-v2&locale=en-US
39da54b77785119a3c1207ba63cf6297d2b543f5ddd26f9a8653ad3bb043d161	12047	api/docs/public/specs/platform/minimax/op/post-minimax-v1-t2a-async-v2@@locale=zh-CN&view=d16-v2/index.html	https://doc.openlux.ai/api/docs/public/specs/platform/minimax/op/post-minimax-v1-t2a-async-v2?view=d16-v2&locale=zh-CN
d6ee38754186f30f9bdb5286e11033e9c2f5c15213d7766a12adee04d964bd9b	10077	api/docs/public/specs/platform/minimax/op/post-minimax-v1-t2a-v2@@locale=en-US&view=d16-v2/index.html	https://doc.openlux.ai/api/docs/public/specs/platform/minimax/op/post-minimax-v1-t2a-v2?view=d16-v2&locale=en-US
94b94212c440e77d3f06ceba3a329e0b45cc3cf47068baa0683e7fd4b1a50422	9858	api/docs/public/specs/platform/minimax/op/post-minimax-v1-t2a-v2@@locale=zh-CN&view=d16-v2/index.html	https://doc.openlux.ai/api/docs/public/specs/platform/minimax/op/post-minimax-v1-t2a-v2?view=d16-v2&locale=zh-CN
443256a213ed2bcc788eee23b9c7c53c817143fe897a98cdd015c562bb8218f6	10101	api/docs/public/specs/platform/minimax/op/post-minimax-v1-video-generation@@locale=en-US&view=d16-v2/index.html	https://doc.openlux.ai/api/docs/public/specs/platform/minimax/op/post-minimax-v1-video-generation?view=d16-v2&locale=en-US
f156c13cfc41f63deac950d437bc689a534d8d1aa8244d25263a39661b92ee3e	9854	api/docs/public/specs/platform/minimax/op/post-minimax-v1-video-generation@@locale=zh-CN&view=d16-v2/index.html	https://doc.openlux.ai/api/docs/public/specs/platform/minimax/op/post-minimax-v1-video-generation?view=d16-v2&locale=zh-CN
ec3f1ada0a4c3b2c358a4f8987b4b3c0a8f1bd3d327f3f37dfcacd89d422c834	8661	api/docs/public/specs/platform/minimax/op/post-minimax-v1-voice-clone@@locale=en-US&view=d16-v2/index.html	https://doc.openlux.ai/api/docs/public/specs/platform/minimax/op/post-minimax-v1-voice-clone?view=d16-v2&locale=en-US
21217b81230a93d32f6af95baae1ad7a573cb8ebe341f0ca30b800b8a538e52e	8213	api/docs/public/specs/platform/minimax/op/post-minimax-v1-voice-clone@@locale=zh-CN&view=d16-v2/index.html	https://doc.openlux.ai/api/docs/public/specs/platform/minimax/op/post-minimax-v1-voice-clone?view=d16-v2&locale=zh-CN
54d394248243a6775026c5a4d722c6dcb48f6e181d00b9afc9fa9fafb5a475ac	4185	api/docs/public/specs/platform/minimax/op/post-minimax-v1-voice-design@@locale=en-US&view=d16-v2/index.html	https://doc.openlux.ai/api/docs/public/specs/platform/minimax/op/post-minimax-v1-voice-design?view=d16-v2&locale=en-US
05990824cd09d35f512b0709e35e0f0278624fe64f5e2c2201a6877cf44fab41	4186	api/docs/public/specs/platform/minimax/op/post-minimax-v1-voice-design@@locale=zh-CN&view=d16-v2/index.html	https://doc.openlux.ai/api/docs/public/specs/platform/minimax/op/post-minimax-v1-voice-design?view=d16-v2&locale=zh-CN
fd2ed48d1c9f6e0b447e3415cd714730227c1867ec39e7b5bd8b5214aced139d	15047	api/docs/public/specs/platform/minimax/op/post-v1-messages@@locale=en-US&view=d16-v2/index.html	https://doc.openlux.ai/api/docs/public/specs/platform/minimax/op/post-v1-messages?view=d16-v2&locale=en-US
f52d1a9d3c5d777229a4ec5848c32834dbf7d3aa9d6cfb52fb4fb3f1aff10ed2	14519	api/docs/public/specs/platform/minimax/op/post-v1-messages@@locale=zh-CN&view=d16-v2/index.html	https://doc.openlux.ai/api/docs/public/specs/platform/minimax/op/post-v1-messages?view=d16-v2&locale=zh-CN
1f3e197ceaa7199c042c3c2b3b7df7f1db42c7f5d0fa5200e64a15f68254ff2d	1617	api/docs/public/specs/platform/minimax/operations@@locale=zh-CN/index.html	https://doc.openlux.ai/api/docs/public/specs/platform/minimax/operations?locale=zh-CN
4ad8f25f482641d20984c0e3bcc37d67d332778dd8b97ac5d925d6dccd8c5dac	4340	api/docs/public/specs/platform/mj/op/get-mj-submit-shorten@@locale=en-US&view=d16-v2/index.html	https://doc.openlux.ai/api/docs/public/specs/platform/mj/op/get-mj-submit-shorten?view=d16-v2&locale=en-US
14b9d440c5da228cd3d3c519c1cef296f2d55b5b97a1f04bc2fe3849da7e9e74	4040	api/docs/public/specs/platform/mj/op/get-mj-submit-shorten@@locale=zh-CN&view=d16-v2/index.html	https://doc.openlux.ai/api/docs/public/specs/platform/mj/op/get-mj-submit-shorten?view=d16-v2&locale=zh-CN
d55a31d1220a7864e13665bb2c8fced46acd9284af63a9bdf579b5d4618ce025	17854	api/docs/public/specs/platform/mj/op/get-mj-task-id-fetch@@locale=en-US&view=d16-v2/index.html	https://doc.openlux.ai/api/docs/public/specs/platform/mj/op/get-mj-task-id-fetch?view=d16-v2&locale=en-US
6fd1c745ec5ce33d556a12ea471193b5aa090a4c8f0fc968d0d5a43dd213a360	17765	api/docs/public/specs/platform/mj/op/get-mj-task-id-fetch@@locale=zh-CN&view=d16-v2/index.html	https://doc.openlux.ai/api/docs/public/specs/platform/mj/op/get-mj-task-id-fetch?view=d16-v2&locale=zh-CN
5fa6f1a59869256372b4987173ddac3dccb84d5bc33960703539e1571cf0592f	14313	api/docs/public/specs/platform/mj/op/get-mj-task-id-image-seed@@locale=en-US&view=d16-v2/index.html	https://doc.openlux.ai/api/docs/public/specs/platform/mj/op/get-mj-task-id-image-seed?view=d16-v2&locale=en-US
cb75a3a5773cf286ea47edfaa364e46d04276410cc0a3348ba077e26d76cdd24	14244	api/docs/public/specs/platform/mj/op/get-mj-task-id-image-seed@@locale=zh-CN&view=d16-v2/index.html	https://doc.openlux.ai/api/docs/public/specs/platform/mj/op/get-mj-task-id-image-seed?view=d16-v2&locale=zh-CN
e5a777c396ae2767adce55ebf0dca79c0a065d71e4e608f0cd4ef6913b0c1965	5072	api/docs/public/specs/platform/mj/op/post-mj-insight-face-swap@@locale=en-US&view=d16-v2/index.html	https://doc.openlux.ai/api/docs/public/specs/platform/mj/op/post-mj-insight-face-swap?view=d16-v2&locale=en-US
d5a88d79f80be18294f34ac24a91fb36b1f7264b3096adbd903e4be62163e101	5003	api/docs/public/specs/platform/mj/op/post-mj-insight-face-swap@@locale=zh-CN&view=d16-v2/index.html	https://doc.openlux.ai/api/docs/public/specs/platform/mj/op/post-mj-insight-face-swap?view=d16-v2&locale=zh-CN
6b6ac52e3a8c647c6f3fc9ff0cc41b52c20ef0482519ff36d11b4b6f3274888c	6188	api/docs/public/specs/platform/mj/op/post-mj-submit-action@@locale=en-US&view=d16-v2/index.html	https://doc.openlux.ai/api/docs/public/specs/platform/mj/op/post-mj-submit-action?view=d16-v2&locale=en-US
c52152395fe7895a54b329f01a1275732b73b163a1916001c780dbb1dea1c090	6195	api/docs/public/specs/platform/mj/op/post-mj-submit-action@@locale=zh-CN&view=d16-v2/index.html	https://doc.openlux.ai/api/docs/public/specs/platform/mj/op/post-mj-submit-action?view=d16-v2&locale=zh-CN
a6866f070ad6c5204eb3a7606c8edb2f037eb3778135850c1d05fbecaf22225e	7391	api/docs/public/specs/platform/mj/op/post-mj-submit-blend@@locale=en-US&view=d16-v2/index.html	https://doc.openlux.ai/api/docs/public/specs/platform/mj/op/post-mj-submit-blend?view=d16-v2&locale=en-US
b374bcd497e745168bc0fc014435204eb632613dbe1abb11e5a0f7210eb6f3b0	7286	api/docs/public/specs/platform/mj/op/post-mj-submit-blend@@locale=zh-CN&view=d16-v2/index.html	https://doc.openlux.ai/api/docs/public/specs/platform/mj/op/post-mj-submit-blend?view=d16-v2&locale=zh-CN
571ca6ce773c8d50ff2d1101d1291a24d8f69be92866ddfe460c42b0925e0fb9	5418	api/docs/public/specs/platform/mj/op/post-mj-submit-change@@locale=en-US&view=d16-v2/index.html	https://doc.openlux.ai/api/docs/public/specs/platform/mj/op/post-mj-submit-change?view=d16-v2&locale=en-US
a06ed39656ef74a10a90347cccabc3354c8d220b20821af58f13c27a59eddef1	5402	api/docs/public/specs/platform/mj/op/post-mj-submit-change@@locale=zh-CN&view=d16-v2/index.html	https://doc.openlux.ai/api/docs/public/specs/platform/mj/op/post-mj-submit-change?view=d16-v2&locale=zh-CN
4e9c6f61aa6e7493049cf1805e3bccf5b19f08656375d214fc31f6d7078f7be6	6540	api/docs/public/specs/platform/mj/op/post-mj-submit-describe@@locale=en-US&view=d16-v2/index.html	https://doc.openlux.ai/api/docs/public/specs/platform/mj/op/post-mj-submit-describe?view=d16-v2&locale=en-US
c9d815ccb74129f2c64bd1fb63418600508ec88a283f6a75e761ac7867728430	6275	api/docs/public/specs/platform/mj/op/post-mj-submit-describe@@locale=zh-CN&view=d16-v2/index.html	https://doc.openlux.ai/api/docs/public/specs/platform/mj/op/post-mj-submit-describe?view=d16-v2&locale=zh-CN
66b33559df2d285c8c3620ffa58d59aec218b1a49a4d402f41c4cd33824f769d	5063	api/docs/public/specs/platform/mj/op/post-mj-submit-edits@@locale=en-US&view=d16-v2/index.html	https://doc.openlux.ai/api/docs/public/specs/platform/mj/op/post-mj-submit-edits?view=d16-v2&locale=en-US
8cb82f2d2dc5d91b6857ffb387fd2805cf2949a9d0a4e959259792335c29d4d0	5025	api/docs/public/specs/platform/mj/op/post-mj-submit-edits@@locale=zh-CN&view=d16-v2/index.html	https://doc.openlux.ai/api/docs/public/specs/platform/mj/op/post-mj-submit-edits?view=d16-v2&locale=zh-CN
aebd3b529af04f8a71f675af6fdf2236b5b9ad4c08395cf31bf6136a0f81df81	6696	api/docs/public/specs/platform/mj/op/post-mj-submit-imagine@@locale=en-US&view=d16-v2/index.html	https://doc.openlux.ai/api/docs/public/specs/platform/mj/op/post-mj-submit-imagine?view=d16-v2&locale=en-US
f085e9d6f82df7014e0b6a74edc6bfe70be999378ecaca3880c6578df896fd59	6585	api/docs/public/specs/platform/mj/op/post-mj-submit-imagine@@locale=zh-CN&view=d16-v2/index.html	https://doc.openlux.ai/api/docs/public/specs/platform/mj/op/post-mj-submit-imagine?view=d16-v2&locale=zh-CN
7d4c0cb8675394cd49a289cd0b61fc88f0f0657e516ebe14cdaf8376092e6ab3	5991	api/docs/public/specs/platform/mj/op/post-mj-submit-modal@@locale=en-US&view=d16-v2/index.html	https://doc.openlux.ai/api/docs/public/specs/platform/mj/op/post-mj-submit-modal?view=d16-v2&locale=en-US
ebec14db386eb126e106e6568454ab6dabe51d9245796a7c21f3b90c20e7c8c4	6012	api/docs/public/specs/platform/mj/op/post-mj-submit-modal@@locale=zh-CN&view=d16-v2/index.html	https://doc.openlux.ai/api/docs/public/specs/platform/mj/op/post-mj-submit-modal?view=d16-v2&locale=zh-CN
23710758d431678f2a9d05a6aff61d5ee0f829c61aa3ba2bb6adf59166cbf206	5913	api/docs/public/specs/platform/mj/op/post-mj-submit-shorten@@locale=en-US&view=d16-v2/index.html	https://doc.openlux.ai/api/docs/public/specs/platform/mj/op/post-mj-submit-shorten?view=d16-v2&locale=en-US
8bd587caee862d6a0c47f4f00217ae21fec49da83bad42a985237fe10c767b04	5922	api/docs/public/specs/platform/mj/op/post-mj-submit-shorten@@locale=zh-CN&view=d16-v2/index.html	https://doc.openlux.ai/api/docs/public/specs/platform/mj/op/post-mj-submit-shorten?view=d16-v2&locale=zh-CN
38ebea40a7351b959a84fec5391919f91df256e7bfbd11a38f8be7eb36e97ddd	4114	api/docs/public/specs/platform/mj/op/post-mj-submit-simple-change@@locale=en-US&view=d16-v2/index.html	https://doc.openlux.ai/api/docs/public/specs/platform/mj/op/post-mj-submit-simple-change?view=d16-v2&locale=en-US
723e951cd868d19e007ae3b84de5a1df0c3f97ac89c06afd0944111098d4a309	3811	api/docs/public/specs/platform/mj/op/post-mj-submit-simple-change@@locale=zh-CN&view=d16-v2/index.html	https://doc.openlux.ai/api/docs/public/specs/platform/mj/op/post-mj-submit-simple-change?view=d16-v2&locale=zh-CN
d3805c44e803dc1662f1597821c273ce7e6b792a431f4fd326101489c924c88a	3502	api/docs/public/specs/platform/mj/op/post-mj-submit-upload-discord-images@@locale=en-US&view=d16-v2/index.html	https://doc.openlux.ai/api/docs/public/specs/platform/mj/op/post-mj-submit-upload-discord-images?view=d16-v2&locale=en-US
8468541b404ac19c0f87ff24d0b4943c82ba5a8febcf3c8a3eb8220b12bf92b8	3482	api/docs/public/specs/platform/mj/op/post-mj-submit-upload-discord-images@@locale=zh-CN&view=d16-v2/index.html	https://doc.openlux.ai/api/docs/public/specs/platform/mj/op/post-mj-submit-upload-discord-images?view=d16-v2&locale=zh-CN
5e445d0a3296969fba657c30910b5b3395e30b6c23f0de9e6345242bd01f1214	5710	api/docs/public/specs/platform/mj/op/post-mj-submit-video@@locale=en-US&view=d16-v2/index.html	https://doc.openlux.ai/api/docs/public/specs/platform/mj/op/post-mj-submit-video?view=d16-v2&locale=en-US
032fa5f053f8c9fe146814109fd06ff04cb75d48124b09676011e8f18126e970	5497	api/docs/public/specs/platform/mj/op/post-mj-submit-video@@locale=zh-CN&view=d16-v2/index.html	https://doc.openlux.ai/api/docs/public/specs/platform/mj/op/post-mj-submit-video?view=d16-v2&locale=zh-CN
919989c446a4a3258f3e6a6b7183e4949388e75998f3c20ebc14802f98e79292	8595	api/docs/public/specs/platform/mj/op/post-mj-task-list-by-condition@@locale=en-US&view=d16-v2/index.html	https://doc.openlux.ai/api/docs/public/specs/platform/mj/op/post-mj-task-list-by-condition?view=d16-v2&locale=en-US
3fd404b7ba5926d577013393c930aa86bfc03ab30748afdc2b4f4149b5cdb36f	8600	api/docs/public/specs/platform/mj/op/post-mj-task-list-by-condition@@locale=zh-CN&view=d16-v2/index.html	https://doc.openlux.ai/api/docs/public/specs/platform/mj/op/post-mj-task-list-by-condition?view=d16-v2&locale=zh-CN
aa3bb9a033c7fdf4f970e960664af709fb7d96de09ba95e1d9d9b3f9fbd3e484	2478	api/docs/public/specs/platform/mj/operations@@locale=zh-CN/index.html	https://doc.openlux.ai/api/docs/public/specs/platform/mj/operations?locale=zh-CN
fb35467bb427190edcf61da692cbe1cd1ff4bc8bf37ddf9c0a98ed4ad29e07ac	2961	api/docs/public/specs/platform/omni/op/get-v1-video-query@@locale=en-US&view=d16-v2/index.html	https://doc.openlux.ai/api/docs/public/specs/platform/omni/op/get-v1-video-query?view=d16-v2&locale=en-US
3c32181614bc0a8ff3cb35300180f90b6cfadae6bf365ebc3847f9494724f82f	2958	api/docs/public/specs/platform/omni/op/get-v1-video-query@@locale=zh-CN&view=d16-v2/index.html	https://doc.openlux.ai/api/docs/public/specs/platform/omni/op/get-v1-video-query?view=d16-v2&locale=zh-CN
d0ca96f0fc0e6d4ccae142dd30f01261ca856869519cf4ce4f7e63f904849fb7	2394	api/docs/public/specs/platform/omni/op/get-v1beta-files-example-file-id-download@@locale=en-US&view=d16-v2/index.html	https://doc.openlux.ai/api/docs/public/specs/platform/omni/op/get-v1beta-files-example-file-id-download?view=d16-v2&locale=en-US
224a375a3cb3307b35532195a8cfb349e9db0398867a83efc319f59d8259e34b	2420	api/docs/public/specs/platform/omni/op/get-v1beta-files-example-file-id-download@@locale=zh-CN&view=d16-v2/index.html	https://doc.openlux.ai/api/docs/public/specs/platform/omni/op/get-v1beta-files-example-file-id-download?view=d16-v2&locale=zh-CN
6eeb29bc513923e0f52bcdf553b4cb6072b0301c2e4360727e4e13f045516322	2363	api/docs/public/specs/platform/omni/op/get-v1beta-files-example-file-id@@locale=en-US&view=d16-v2/index.html	https://doc.openlux.ai/api/docs/public/specs/platform/omni/op/get-v1beta-files-example-file-id?view=d16-v2&locale=en-US
f3316fade6b35be742b0c61655b401ea22fa745dc7677f3e0ab123fea42ccdf1	2390	api/docs/public/specs/platform/omni/op/get-v1beta-files-example-file-id@@locale=zh-CN&view=d16-v2/index.html	https://doc.openlux.ai/api/docs/public/specs/platform/omni/op/get-v1beta-files-example-file-id?view=d16-v2&locale=zh-CN
819ccd92b6d5e3e44996e5db2e62203753f396bcba17bea1160319bf1184e0f3	2243	api/docs/public/specs/platform/omni/op/get-v1beta-files-gcs@@locale=en-US&view=d16-v2/index.html	https://doc.openlux.ai/api/docs/public/specs/platform/omni/op/get-v1beta-files-gcs?view=d16-v2&locale=en-US
b33aa2a1ddca7fe2dcff561486a976765d0c07dbb6e596bcfcfd1b4e6f318d4a	2244	api/docs/public/specs/platform/omni/op/get-v1beta-files-gcs@@locale=zh-CN&view=d16-v2/index.html	https://doc.openlux.ai/api/docs/public/specs/platform/omni/op/get-v1beta-files-gcs?view=d16-v2&locale=zh-CN
b316d0e18a8cd7f99797eaff5f2b2daa2f8a530650ed5fb08eb216efb4c8acb4	2374	api/docs/public/specs/platform/omni/op/get-v1beta-interactions-interaction-id@@locale=en-US&view=d16-v2/index.html	https://doc.openlux.ai/api/docs/public/specs/platform/omni/op/get-v1beta-interactions-interaction-id?view=d16-v2&locale=en-US
670ce77ed19705323646b0281aa5f5d24f9930c8d02bc857d6772931bef5c75a	2395	api/docs/public/specs/platform/omni/op/get-v1beta-interactions-interaction-id@@locale=zh-CN&view=d16-v2/index.html	https://doc.openlux.ai/api/docs/public/specs/platform/omni/op/get-v1beta-interactions-interaction-id?view=d16-v2&locale=zh-CN
28a5ef3aa318113e08e60ee9510cc0dededca2c87c38356d76d029a9e523cc0a	14105	api/docs/public/specs/platform/omni/op/post-v1-video-create@@locale=en-US&view=d16-v2/index.html	https://doc.openlux.ai/api/docs/public/specs/platform/omni/op/post-v1-video-create?view=d16-v2&locale=en-US
89bd9c64159bc1fafec7f6cd3ccf8a9cfbf5c069a8dd5d4cec076af157b20bf7	13399	api/docs/public/specs/platform/omni/op/post-v1-video-create@@locale=zh-CN&view=d16-v2/index.html	https://doc.openlux.ai/api/docs/public/specs/platform/omni/op/post-v1-video-create?view=d16-v2&locale=zh-CN
dfb3370ab0905516dcca6d2a02b842b56aee09c58c63cbd2f43f15431c0da410	6870	api/docs/public/specs/platform/omni/op/post-v1beta-interactions@@locale=en-US&view=d16-v2/index.html	https://doc.openlux.ai/api/docs/public/specs/platform/omni/op/post-v1beta-interactions?view=d16-v2&locale=en-US
ee267335c20aa91c22a5b9a5d3c3be87b178f9860f2a52c37d31a7fdd4a380c6	6793	api/docs/public/specs/platform/omni/op/post-v1beta-interactions@@locale=zh-CN&view=d16-v2/index.html	https://doc.openlux.ai/api/docs/public/specs/platform/omni/op/post-v1beta-interactions?view=d16-v2&locale=zh-CN
1b0d89fa08891d185cc6f939f860826bf584f1aca310412d1287b74ee4a062ab	1220	api/docs/public/specs/platform/omni/operations@@locale=zh-CN/index.html	https://doc.openlux.ai/api/docs/public/specs/platform/omni/operations?locale=zh-CN
5e843d8221e8ace659113360cef760291e93eaf1b480c515ed0a6286a9ab72af	2461	api/docs/public/specs/platform/pixverse/op/get-openapi-v2-image-result-id@@locale=en-US&view=d16-v2/index.html	https://doc.openlux.ai/api/docs/public/specs/platform/pixverse/op/get-openapi-v2-image-result-id?view=d16-v2&locale=en-US
a41716c79b8edf3df58df432ae2f8740f6794ccde041a2d692a2fe23a4c5963e	2460	api/docs/public/specs/platform/pixverse/op/get-openapi-v2-image-result-id@@locale=zh-CN&view=d16-v2/index.html	https://doc.openlux.ai/api/docs/public/specs/platform/pixverse/op/get-openapi-v2-image-result-id?view=d16-v2&locale=zh-CN
41a423219fdaf504385c592b732b4c5cb7a68ba8e46f70bab6c8ff9905413f91	2331	api/docs/public/specs/platform/pixverse/op/get-openapi-v2-video-lip-sync-tts-list@@locale=en-US&view=d16-v2/index.html	https://doc.openlux.ai/api/docs/public/specs/platform/pixverse/op/get-openapi-v2-video-lip-sync-tts-list?view=d16-v2&locale=en-US
729c068ab3adf80a3cef961a80b897f15819a4b0a7a22e1d3cf6a62b8b7de125	2329	api/docs/public/specs/platform/pixverse/op/get-openapi-v2-video-lip-sync-tts-list@@locale=zh-CN&view=d16-v2/index.html	https://doc.openlux.ai/api/docs/public/specs/platform/pixverse/op/get-openapi-v2-video-lip-sync-tts-list?view=d16-v2&locale=zh-CN
89478f4bc1540d6ca093df50c27ae8eae27ba2b9edd92b775d9c6e6b3e6e2bbd	2462	api/docs/public/specs/platform/pixverse/op/get-openapi-v2-video-result-id@@locale=en-US&view=d16-v2/index.html	https://doc.openlux.ai/api/docs/public/specs/platform/pixverse/op/get-openapi-v2-video-result-id?view=d16-v2&locale=en-US
eee4bbcad0344764c25e3ff16e3f9439aad32b9c80fc7b0080dc8beef4fa9e91	2460	api/docs/public/specs/platform/pixverse/op/get-openapi-v2-video-result-id@@locale=zh-CN&view=d16-v2/index.html	https://doc.openlux.ai/api/docs/public/specs/platform/pixverse/op/get-openapi-v2-video-result-id?view=d16-v2&locale=zh-CN
0c9a6880b4db296cdcebe9ae50f9d453920932a126203600bb4fd58254aaa86d	3613	api/docs/public/specs/platform/pixverse/op/post-openapi-v2-image-template-generate@@locale=en-US&view=d16-v2/index.html	https://doc.openlux.ai/api/docs/public/specs/platform/pixverse/op/post-openapi-v2-image-template-generate?view=d16-v2&locale=en-US
558b38865561c2206e191efaa3155d6a8f651ad4554a0a77f037b3916e65c3da	3608	api/docs/public/specs/platform/pixverse/op/post-openapi-v2-image-template-generate@@locale=zh-CN&view=d16-v2/index.html	https://doc.openlux.ai/api/docs/public/specs/platform/pixverse/op/post-openapi-v2-image-template-generate?view=d16-v2&locale=zh-CN
7d110449ad650cea0c7b80afb3c584750f3fac4b07c174f3117f60d060a5b50b	3293	api/docs/public/specs/platform/pixverse/op/post-openapi-v2-image-upload@@locale=en-US&view=d16-v2/index.html	https://doc.openlux.ai/api/docs/public/specs/platform/pixverse/op/post-openapi-v2-image-upload?view=d16-v2&locale=en-US
c300032fdd2e98362833da5eb565f61f5fddb10aaf33065322fac72c3ee70453	3347	api/docs/public/specs/platform/pixverse/op/post-openapi-v2-image-upload@@locale=zh-CN&view=d16-v2/index.html	https://doc.openlux.ai/api/docs/public/specs/platform/pixverse/op/post-openapi-v2-image-upload?view=d16-v2&locale=zh-CN
43d382ed7dde2838d96b407ef9fe00a6918151ac0b7f61120696e871aa3148ac	3307	api/docs/public/specs/platform/pixverse/op/post-openapi-v2-media-upload@@locale=en-US&view=d16-v2/index.html	https://doc.openlux.ai/api/docs/public/specs/platform/pixverse/op/post-openapi-v2-media-upload?view=d16-v2&locale=en-US
29f643200ba62953f0a50307bcb7d7d026b18c97e2e25ebca3b7bdadad86f700	3357	api/docs/public/specs/platform/pixverse/op/post-openapi-v2-media-upload@@locale=zh-CN&view=d16-v2/index.html	https://doc.openlux.ai/api/docs/public/specs/platform/pixverse/op/post-openapi-v2-media-upload?view=d16-v2&locale=zh-CN
9e92cc8b76e0b8d65888ce989e349f7f6cbb86c1d12e0cc807a9d6fdd0b0ec42	5547	api/docs/public/specs/platform/pixverse/op/post-openapi-v2-video-extend-generate@@locale=en-US&view=d16-v2/index.html	https://doc.openlux.ai/api/docs/public/specs/platform/pixverse/op/post-openapi-v2-video-extend-generate?view=d16-v2&locale=en-US
1dc0a8d06f3a0c3d3cd34c1e3e1743b4503d83707d68e8705ce9cc5db6761623	5498	api/docs/public/specs/platform/pixverse/op/post-openapi-v2-video-extend-generate@@locale=zh-CN&view=d16-v2/index.html	https://doc.openlux.ai/api/docs/public/specs/platform/pixverse/op/post-openapi-v2-video-extend-generate?view=d16-v2&locale=zh-CN
753671ec6b9f97729b0639820da277fad25de7a93adfdc7aacdd82f9d0bca922	5610	api/docs/public/specs/platform/pixverse/op/post-openapi-v2-video-fusion-generate@@locale=en-US&view=d16-v2/index.html	https://doc.openlux.ai/api/docs/public/specs/platform/pixverse/op/post-openapi-v2-video-fusion-generate?view=d16-v2&locale=en-US
360f47826f9402ac73bff5910fd7a06cd6036d6dc24a229c691465df753fbeff	5566	api/docs/public/specs/platform/pixverse/op/post-openapi-v2-video-fusion-generate@@locale=zh-CN&view=d16-v2/index.html	https://doc.openlux.ai/api/docs/public/specs/platform/pixverse/op/post-openapi-v2-video-fusion-generate?view=d16-v2&locale=zh-CN
cfe21a5906bc8a66912129d342de5fbc7db13678ef40b6333f4f9adcf4215ad2	5579	api/docs/public/specs/platform/pixverse/op/post-openapi-v2-video-img-generate@@locale=en-US&view=d16-v2/index.html	https://doc.openlux.ai/api/docs/public/specs/platform/pixverse/op/post-openapi-v2-video-img-generate?view=d16-v2&locale=en-US
81d4c4c924a75f734fd618dbd6da35f32b60adf1a1471a90f7430c6b45509a69	5534	api/docs/public/specs/platform/pixverse/op/post-openapi-v2-video-img-generate@@locale=zh-CN&view=d16-v2/index.html	https://doc.openlux.ai/api/docs/public/specs/platform/pixverse/op/post-openapi-v2-video-img-generate?view=d16-v2&locale=zh-CN
f909438ca53050ed50dc5a32cbe0cf78401d22a2a1249c8175c350e8123c763f	5640	api/docs/public/specs/platform/pixverse/op/post-openapi-v2-video-lip-sync-generate@@locale=en-US&view=d16-v2/index.html	https://doc.openlux.ai/api/docs/public/specs/platform/pixverse/op/post-openapi-v2-video-lip-sync-generate?view=d16-v2&locale=en-US
7fb5ed6c611b05d2149fdc849933dc7b4f133e94e28604f3949c9101e36a341f	5609	api/docs/public/specs/platform/pixverse/op/post-openapi-v2-video-lip-sync-generate@@locale=zh-CN&view=d16-v2/index.html	https://doc.openlux.ai/api/docs/public/specs/platform/pixverse/op/post-openapi-v2-video-lip-sync-generate?view=d16-v2&locale=zh-CN
214d04262cf636337577fcccaf228164ab3e4cfb4a371bf260968396b4aae9f5	3400	api/docs/public/specs/platform/pixverse/op/post-openapi-v2-video-mask-selection@@locale=en-US&view=d16-v2/index.html	https://doc.openlux.ai/api/docs/public/specs/platform/pixverse/op/post-openapi-v2-video-mask-selection?view=d16-v2&locale=en-US
4cb05abfafc0db3855e72ec4c9c2b939001bc471cd1e645d783e934d54e1b808	3449	api/docs/public/specs/platform/pixverse/op/post-openapi-v2-video-mask-selection@@locale=zh-CN&view=d16-v2/index.html	https://doc.openlux.ai/api/docs/public/specs/platform/pixverse/op/post-openapi-v2-video-mask-selection?view=d16-v2&locale=zh-CN
986a2ffbb0a87c78c6efc69a34c8dfb03aef3f9da98606aef57de0b2b7ff1cd2	5650	api/docs/public/specs/platform/pixverse/op/post-openapi-v2-video-mimic-generate@@locale=en-US&view=d16-v2/index.html	https://doc.openlux.ai/api/docs/public/specs/platform/pixverse/op/post-openapi-v2-video-mimic-generate?view=d16-v2&locale=en-US
0bf58741093b8d820cc7476cbdc4739017955838a3140135065b517173fdb2ec	5608	api/docs/public/specs/platform/pixverse/op/post-openapi-v2-video-mimic-generate@@locale=zh-CN&view=d16-v2/index.html	https://doc.openlux.ai/api/docs/public/specs/platform/pixverse/op/post-openapi-v2-video-mimic-generate?view=d16-v2&locale=zh-CN
6a6b25d5cf39f9c86069996015afe521fa62235d669ebc68c86cb82cc2d48430	5422	api/docs/public/specs/platform/pixverse/op/post-openapi-v2-video-modify-generate@@locale=en-US&view=d16-v2/index.html	https://doc.openlux.ai/api/docs/public/specs/platform/pixverse/op/post-openapi-v2-video-modify-generate?view=d16-v2&locale=en-US
2aa8a9fe5c6b2614f216074662a7b48a8ec4b7545eaacf8c4be87f9e0561bc19	5380	api/docs/public/specs/platform/pixverse/op/post-openapi-v2-video-modify-generate@@locale=zh-CN&view=d16-v2/index.html	https://doc.openlux.ai/api/docs/public/specs/platform/pixverse/op/post-openapi-v2-video-modify-generate?view=d16-v2&locale=zh-CN
39dde1c9e30e7beab0a41a3e4b25e99af10373d0ef477e05e5abdb2fb5437afb	5462	api/docs/public/specs/platform/pixverse/op/post-openapi-v2-video-multi-transition-generate@@locale=en-US&view=d16-v2/index.html	https://doc.openlux.ai/api/docs/public/specs/platform/pixverse/op/post-openapi-v2-video-multi-transition-generate?view=d16-v2&locale=en-US
22d7cdc5d6628c963769234aa5a0edf6da565a2bb548803ffaed27d248fe88f9	5418	api/docs/public/specs/platform/pixverse/op/post-openapi-v2-video-multi-transition-generate@@locale=zh-CN&view=d16-v2/index.html	https://doc.openlux.ai/api/docs/public/specs/platform/pixverse/op/post-openapi-v2-video-multi-transition-generate?view=d16-v2&locale=zh-CN
12ef8279353a583d3375039732472262cb679384b5122b83be84ba88739426de	5421	api/docs/public/specs/platform/pixverse/op/post-openapi-v2-video-restyle-generate@@locale=en-US&view=d16-v2/index.html	https://doc.openlux.ai/api/docs/public/specs/platform/pixverse/op/post-openapi-v2-video-restyle-generate?view=d16-v2&locale=en-US
50245c263038da8eeaf1de54646958ef7c31235b72475cc6b168fb96c291a41c	5384	api/docs/public/specs/platform/pixverse/op/post-openapi-v2-video-restyle-generate@@locale=zh-CN&view=d16-v2/index.html	https://doc.openlux.ai/api/docs/public/specs/platform/pixverse/op/post-openapi-v2-video-restyle-generate?view=d16-v2&locale=zh-CN
4a8ea481b99f46731eca2321f0fa29ff76a10b319192e510d32d67e9e3aaa26d	5449	api/docs/public/specs/platform/pixverse/op/post-openapi-v2-video-sound-effect-generate@@locale=en-US&view=d16-v2/index.html	https://doc.openlux.ai/api/docs/public/specs/platform/pixverse/op/post-openapi-v2-video-sound-effect-generate?view=d16-v2&locale=en-US
d5a13f18cbeddb56b27a611d2e757d3398461a8e2ad55b7daff309b20ea115e0	5402	api/docs/public/specs/platform/pixverse/op/post-openapi-v2-video-sound-effect-generate@@locale=zh-CN&view=d16-v2/index.html	https://doc.openlux.ai/api/docs/public/specs/platform/pixverse/op/post-openapi-v2-video-sound-effect-generate?view=d16-v2&locale=zh-CN
e3b1c2cd9c386c5cc399559ec95c480dd7612417caef7caf9cb85219b673a838	5524	api/docs/public/specs/platform/pixverse/op/post-openapi-v2-video-swap-generate@@locale=en-US&view=d16-v2/index.html	https://doc.openlux.ai/api/docs/public/specs/platform/pixverse/op/post-openapi-v2-video-swap-generate?view=d16-v2&locale=en-US
670b174bf1372e05532797b72d88668e7d38946e1169dde62b2a3830662adb53	5485	api/docs/public/specs/platform/pixverse/op/post-openapi-v2-video-swap-generate@@locale=zh-CN&view=d16-v2/index.html	https://doc.openlux.ai/api/docs/public/specs/platform/pixverse/op/post-openapi-v2-video-swap-generate?view=d16-v2&locale=zh-CN
b83b70060e83c3c42ec200ac8df180924c70d793d98d371ad6e09b74e81d73ea	5409	api/docs/public/specs/platform/pixverse/op/post-openapi-v2-video-text-generate@@locale=en-US&view=d16-v2/index.html	https://doc.openlux.ai/api/docs/public/specs/platform/pixverse/op/post-openapi-v2-video-text-generate?view=d16-v2&locale=en-US
c497ce336884240552b69f1cef3de449564867abd51467b8dedddff0a66aaf51	5372	api/docs/public/specs/platform/pixverse/op/post-openapi-v2-video-text-generate@@locale=zh-CN&view=d16-v2/index.html	https://doc.openlux.ai/api/docs/public/specs/platform/pixverse/op/post-openapi-v2-video-text-generate?view=d16-v2&locale=zh-CN
5b02b5e778c501c001c307cc679ccfb0702908df33074a7a5614592638a0fba2	5716	api/docs/public/specs/platform/pixverse/op/post-openapi-v2-video-transition-generate@@locale=en-US&view=d16-v2/index.html	https://doc.openlux.ai/api/docs/public/specs/platform/pixverse/op/post-openapi-v2-video-transition-generate?view=d16-v2&locale=en-US
b24f6327050683663f55114f9b3191388bb9f765b15ddf4921a9d36283b12591	5658	api/docs/public/specs/platform/pixverse/op/post-openapi-v2-video-transition-generate@@locale=zh-CN&view=d16-v2/index.html	https://doc.openlux.ai/api/docs/public/specs/platform/pixverse/op/post-openapi-v2-video-transition-generate?view=d16-v2&locale=zh-CN
aea423d9d1f7a5d058c24d7de670020272a40a5b7789d8fb0b773f30e224a215	3198	api/docs/public/specs/platform/pixverse/operations@@locale=zh-CN/index.html	https://doc.openlux.ai/api/docs/public/specs/platform/pixverse/operations?locale=zh-CN
7a98e2128b7c0d180cff5163c0b1d36924d626c73e9ed45a2f9743584b23bea8	4285	api/docs/public/specs/platform/playground/op/post-pg-chat-completions@@locale=en-US&view=d16-v2/index.html	https://doc.openlux.ai/api/docs/public/specs/platform/playground/op/post-pg-chat-completions?view=d16-v2&locale=en-US
6f1ffcd64e29be03bd5a33a0d8ffa7c06a3fb799daca3c1b0cdbdc3c76c1cf1d	4202	api/docs/public/specs/platform/playground/op/post-pg-chat-completions@@locale=zh-CN&view=d16-v2/index.html	https://doc.openlux.ai/api/docs/public/specs/platform/playground/op/post-pg-chat-completions?view=d16-v2&locale=zh-CN
4bd226612046973da3621e50996e32236d6f2d6c96ca0305dd97a18a13888b32	3288	api/docs/public/specs/platform/playground/op/post-pg-images-edits@@locale=en-US&view=d16-v2/index.html	https://doc.openlux.ai/api/docs/public/specs/platform/playground/op/post-pg-images-edits?view=d16-v2&locale=en-US
7bcf49a090f44c75afa166d389684577ff7f15a0cc2f53560132ce3975493f83	3297	api/docs/public/specs/platform/playground/op/post-pg-images-edits@@locale=zh-CN&view=d16-v2/index.html	https://doc.openlux.ai/api/docs/public/specs/platform/playground/op/post-pg-images-edits?view=d16-v2&locale=zh-CN
22c83f153b7af3e1ddb8195df4216285cf2b74f0b5c67aa4f3060215fff1a666	3778	api/docs/public/specs/platform/playground/op/post-pg-images-generations@@locale=en-US&view=d16-v2/index.html	https://doc.openlux.ai/api/docs/public/specs/platform/playground/op/post-pg-images-generations?view=d16-v2&locale=en-US
3d7d3e57ae9ee6384430f9a55f1f681869e5d3a5b4d9d8a04a8eb18e1d6cf9e1	3749	api/docs/public/specs/platform/playground/op/post-pg-images-generations@@locale=zh-CN&view=d16-v2/index.html	https://doc.openlux.ai/api/docs/public/specs/platform/playground/op/post-pg-images-generations?view=d16-v2&locale=zh-CN
93001d4c9e0c1ad888266e8d69466f4c8a61d46f8e9cf9e9c5bc9fa682112ad7	462	api/docs/public/specs/platform/playground/operations@@locale=zh-CN/index.html	https://doc.openlux.ai/api/docs/public/specs/platform/playground/operations?locale=zh-CN
a1742882ed4d7fe2e5fdf878d17d5c5ffdf3a8f9d7b82af07d66228f6250d07b	2395	api/docs/public/specs/platform/replicate/op/get-replicate-v1-predictions-id@@locale=en-US&view=d16-v2/index.html	https://doc.openlux.ai/api/docs/public/specs/platform/replicate/op/get-replicate-v1-predictions-id?view=d16-v2&locale=en-US
5d75844de1011fbb7cf1785de5d7040404d9afce70863538266df484a94238b4	2381	api/docs/public/specs/platform/replicate/op/get-replicate-v1-predictions-id@@locale=zh-CN&view=d16-v2/index.html	https://doc.openlux.ai/api/docs/public/specs/platform/replicate/op/get-replicate-v1-predictions-id?view=d16-v2&locale=zh-CN
b0a814705276e9529368ad3201088ff91cdf72978edad680f3d5f47c359408b3	10046	api/docs/public/specs/platform/replicate/op/post-replicate-v1-models-black-forest-labs-flux-1-1-pro-ultra-predictions@@locale=en-US&view=d16-v2/index.html	https://doc.openlux.ai/api/docs/public/specs/platform/replicate/op/post-replicate-v1-models-black-forest-labs-flux-1-1-pro-ultra-predictions?view=d16-v2&locale=en-US
4d656351efc5f3bde52e24e8ed4b8238d543da32ca07b7b445f4597497d8e48e	9974	api/docs/public/specs/platform/replicate/op/post-replicate-v1-models-black-forest-labs-flux-1-1-pro-ultra-predictions@@locale=zh-CN&view=d16-v2/index.html	https://doc.openlux.ai/api/docs/public/specs/platform/replicate/op/post-replicate-v1-models-black-forest-labs-flux-1-1-pro-ultra-predictions?view=d16-v2&locale=zh-CN
356be8f568e8741cd60c86fdc6824ba93ada38de260f67a572ed5d7f9db3f55c	16302	api/docs/public/specs/platform/replicate/op/post-replicate-v1-models-black-forest-labs-flux-fill-dev-predictions@@locale=en-US&view=d16-v2/index.html	https://doc.openlux.ai/api/docs/public/specs/platform/replicate/op/post-replicate-v1-models-black-forest-labs-flux-fill-dev-predictions?view=d16-v2&locale=en-US
3e6ab8d867dc831217b464589e0c97bd57f8ab81d4b634c827a46b0c021f21fd	15893	api/docs/public/specs/platform/replicate/op/post-replicate-v1-models-black-forest-labs-flux-fill-dev-predictions@@locale=zh-CN&view=d16-v2/index.html	https://doc.openlux.ai/api/docs/public/specs/platform/replicate/op/post-replicate-v1-models-black-forest-labs-flux-fill-dev-predictions?view=d16-v2&locale=zh-CN
bfbdfd38fe38a3cd106db6dd850efdc79cb01561acd763ada779f9bba65b6581	15517	api/docs/public/specs/platform/replicate/op/post-replicate-v1-models-black-forest-labs-flux-fill-pro-predictions@@locale=en-US&view=d16-v2/index.html	https://doc.openlux.ai/api/docs/public/specs/platform/replicate/op/post-replicate-v1-models-black-forest-labs-flux-fill-pro-predictions?view=d16-v2&locale=en-US
74551fbdd3df4932b24f7f46703f9905e34efd22aa539e93ed7dd47ec3b8c18d	15169	api/docs/public/specs/platform/replicate/op/post-replicate-v1-models-black-forest-labs-flux-fill-pro-predictions@@locale=zh-CN&view=d16-v2/index.html	https://doc.openlux.ai/api/docs/public/specs/platform/replicate/op/post-replicate-v1-models-black-forest-labs-flux-fill-pro-predictions?view=d16-v2&locale=zh-CN
473f99aa57f340a184acede5b209e99e0432dc209ff5a2d9e620db8314e577b8	14236	api/docs/public/specs/platform/replicate/op/post-replicate-v1-models-black-forest-labs-flux-kontext-dev-predictions@@locale=en-US&view=d16-v2/index.html	https://doc.openlux.ai/api/docs/public/specs/platform/replicate/op/post-replicate-v1-models-black-forest-labs-flux-kontext-dev-predictions?view=d16-v2&locale=en-US
21bdfb185ab543a18ac345c510f0136afb47b9842e2bc2c20817ad3634da5e68	14016	api/docs/public/specs/platform/replicate/op/post-replicate-v1-models-black-forest-labs-flux-kontext-dev-predictions@@locale=zh-CN&view=d16-v2/index.html	https://doc.openlux.ai/api/docs/public/specs/platform/replicate/op/post-replicate-v1-models-black-forest-labs-flux-kontext-dev-predictions?view=d16-v2&locale=zh-CN
06789874ae6cc943757e917147d0ee49a8c8df35d881b11dd80d504a90143554	13334	api/docs/public/specs/platform/replicate/op/post-replicate-v1-models-black-forest-labs-flux-kontext-max-predictions@@locale=en-US&view=d16-v2/index.html	https://doc.openlux.ai/api/docs/public/specs/platform/replicate/op/post-replicate-v1-models-black-forest-labs-flux-kontext-max-predictions?view=d16-v2&locale=en-US
eaff3b974e4b2e1312741b7c7c419c1a50507069214b20b2a991f8bef94d207e	13096	api/docs/public/specs/platform/replicate/op/post-replicate-v1-models-black-forest-labs-flux-kontext-max-predictions@@locale=zh-CN&view=d16-v2/index.html	https://doc.openlux.ai/api/docs/public/specs/platform/replicate/op/post-replicate-v1-models-black-forest-labs-flux-kontext-max-predictions?view=d16-v2&locale=zh-CN
794918c0659cea1d916ec67db0498297ceb09b40562bda530881046718f9a0ae	13166	api/docs/public/specs/platform/replicate/op/post-replicate-v1-models-black-forest-labs-flux-kontext-pro-predictions@@locale=en-US&view=d16-v2/index.html	https://doc.openlux.ai/api/docs/public/specs/platform/replicate/op/post-replicate-v1-models-black-forest-labs-flux-kontext-pro-predictions?view=d16-v2&locale=en-US
315aaafd50c135be261314fa8ebd90003c9c3bd89b0e12e02576ad5cb59b2cb2	12994	api/docs/public/specs/platform/replicate/op/post-replicate-v1-models-black-forest-labs-flux-kontext-pro-predictions@@locale=zh-CN&view=d16-v2/index.html	https://doc.openlux.ai/api/docs/public/specs/platform/replicate/op/post-replicate-v1-models-black-forest-labs-flux-kontext-pro-predictions?view=d16-v2&locale=zh-CN
d68b1a86ff05fdfc1cfe5cf95ff9b445373ef97f765fe24feb6d1965fbd8c2f8	4576	api/docs/public/specs/platform/replicate/op/post-replicate-v1-models-bytedance-seedream-4-predictions@@locale=en-US&view=d16-v2/index.html	https://doc.openlux.ai/api/docs/public/specs/platform/replicate/op/post-replicate-v1-models-bytedance-seedream-4-predictions?view=d16-v2&locale=en-US
db6dae8625f7aaef3a5dd89393587571b2ff298ae8048a2396431b9c00cba9d3	4575	api/docs/public/specs/platform/replicate/op/post-replicate-v1-models-bytedance-seedream-4-predictions@@locale=zh-CN&view=d16-v2/index.html	https://doc.openlux.ai/api/docs/public/specs/platform/replicate/op/post-replicate-v1-models-bytedance-seedream-4-predictions?view=d16-v2&locale=zh-CN
05ad0b560cee2d961209fb7210997a634ee7c39090d5e6c2321c008b9699e585	14170	api/docs/public/specs/platform/replicate/op/post-replicate-v1-models-flux-kontext-apps-multi-image-kontext-max-predictions@@locale=en-US&view=d16-v2/index.html	https://doc.openlux.ai/api/docs/public/specs/platform/replicate/op/post-replicate-v1-models-flux-kontext-apps-multi-image-kontext-max-predictions?view=d16-v2&locale=en-US
53d21171da2a2b2fda5f67f558b60551a3fe50f1eadc6e0d24cc064480a744af	14033	api/docs/public/specs/platform/replicate/op/post-replicate-v1-models-flux-kontext-apps-multi-image-kontext-max-predictions@@locale=zh-CN&view=d16-v2/index.html	https://doc.openlux.ai/api/docs/public/specs/platform/replicate/op/post-replicate-v1-models-flux-kontext-apps-multi-image-kontext-max-predictions?view=d16-v2&locale=zh-CN
8f9cf4a8da72ed5098ffc3e53cea8f4bed3ea5fe485ae8c3ced4da2c9e8e979e	13752	api/docs/public/specs/platform/replicate/op/post-replicate-v1-models-flux-kontext-apps-multi-image-kontext-pro-predictions@@locale=en-US&view=d16-v2/index.html	https://doc.openlux.ai/api/docs/public/specs/platform/replicate/op/post-replicate-v1-models-flux-kontext-apps-multi-image-kontext-pro-predictions?view=d16-v2&locale=en-US
c30f56eef6ed57706440b9060eb8ed2dedbc6e8bbb33db53983bc36cd6e9789a	13601	api/docs/public/specs/platform/replicate/op/post-replicate-v1-models-flux-kontext-apps-multi-image-kontext-pro-predictions@@locale=zh-CN&view=d16-v2/index.html	https://doc.openlux.ai/api/docs/public/specs/platform/replicate/op/post-replicate-v1-models-flux-kontext-apps-multi-image-kontext-pro-predictions?view=d16-v2&locale=zh-CN
16a59fe34d396d5eb145b75bb9fd54c2a1c163888f1512206b172cc1b3ff8deb	19861	api/docs/public/specs/platform/replicate/op/post-replicate-v1-models-google-imagen-4-fast-predictions@@locale=en-US&view=d16-v2/index.html	https://doc.openlux.ai/api/docs/public/specs/platform/replicate/op/post-replicate-v1-models-google-imagen-4-fast-predictions?view=d16-v2&locale=en-US
1d360094e70989be87ca863c85378f20dfa3ff7bdc1c765119f9bc3787691c0f	19729	api/docs/public/specs/platform/replicate/op/post-replicate-v1-models-google-imagen-4-fast-predictions@@locale=zh-CN&view=d16-v2/index.html	https://doc.openlux.ai/api/docs/public/specs/platform/replicate/op/post-replicate-v1-models-google-imagen-4-fast-predictions?view=d16-v2&locale=zh-CN
2a5b968ce997f3af8c8c94697953cf27d19ac968426a9d2866e81f840d699de4	17813	api/docs/public/specs/platform/replicate/op/post-replicate-v1-models-google-imagen-4-predictions@@locale=en-US&view=d16-v2/index.html	https://doc.openlux.ai/api/docs/public/specs/platform/replicate/op/post-replicate-v1-models-google-imagen-4-predictions?view=d16-v2&locale=en-US
a6a3b8b113d3c8234aaa1ace023fb2fc0f5795355d577bfd23bdb98793d2980b	17687	api/docs/public/specs/platform/replicate/op/post-replicate-v1-models-google-imagen-4-predictions@@locale=zh-CN&view=d16-v2/index.html	https://doc.openlux.ai/api/docs/public/specs/platform/replicate/op/post-replicate-v1-models-google-imagen-4-predictions?view=d16-v2&locale=zh-CN
7211c14b0a08415bf1185e3207b77bc2e74e04cbe67e37399bd7cb1b55d9fbb9	18194	api/docs/public/specs/platform/replicate/op/post-replicate-v1-models-google-imagen-4-ultra-predictions@@locale=en-US&view=d16-v2/index.html	https://doc.openlux.ai/api/docs/public/specs/platform/replicate/op/post-replicate-v1-models-google-imagen-4-ultra-predictions?view=d16-v2&locale=en-US
3805a4c7936d1a6a85a7af4dcb27a21b426c493e251fc8dc03aedffccc06336d	18065	api/docs/public/specs/platform/replicate/op/post-replicate-v1-models-google-imagen-4-ultra-predictions@@locale=zh-CN&view=d16-v2/index.html	https://doc.openlux.ai/api/docs/public/specs/platform/replicate/op/post-replicate-v1-models-google-imagen-4-ultra-predictions?view=d16-v2&locale=zh-CN
7ff9a6e4fa47ea1589c3e913108f43dc2bd91d5e56ad400ed5fd71c7b2c96e16	13429	api/docs/public/specs/platform/replicate/op/post-replicate-v1-models-ideogram-ai-ideogram-v2-turbo-predictions@@locale=en-US&view=d16-v2/index.html	https://doc.openlux.ai/api/docs/public/specs/platform/replicate/op/post-replicate-v1-models-ideogram-ai-ideogram-v2-turbo-predictions?view=d16-v2&locale=en-US
869ce1a92de14229698a706ca752f4b20dff60bf3b62ef606f2ed80e4c9ad4cf	13301	api/docs/public/specs/platform/replicate/op/post-replicate-v1-models-ideogram-ai-ideogram-v2-turbo-predictions@@locale=zh-CN&view=d16-v2/index.html	https://doc.openlux.ai/api/docs/public/specs/platform/replicate/op/post-replicate-v1-models-ideogram-ai-ideogram-v2-turbo-predictions?view=d16-v2&locale=zh-CN
869050329fcc3ef7a771f0d12756478de5775792ac03298211c48791c685bfdc	11229	api/docs/public/specs/platform/replicate/op/post-replicate-v1-models-minimax-video-01-live-predictions@@locale=en-US&view=d16-v2/index.html	https://doc.openlux.ai/api/docs/public/specs/platform/replicate/op/post-replicate-v1-models-minimax-video-01-live-predictions?view=d16-v2&locale=en-US
092ca9229ec15e8411ba996c66acea53360ba943a2b6fb57561e62710a5885ab	11121	api/docs/public/specs/platform/replicate/op/post-replicate-v1-models-minimax-video-01-live-predictions@@locale=zh-CN&view=d16-v2/index.html	https://doc.openlux.ai/api/docs/public/specs/platform/replicate/op/post-replicate-v1-models-minimax-video-01-live-predictions?view=d16-v2&locale=zh-CN
1bd67932a1728b1cce45c251f64ecf6fc722c897b11c2bab2f1d2ac77cb8d6e3	9631	api/docs/public/specs/platform/replicate/op/post-replicate-v1-models-minimax-video-01-predictions@@locale=en-US&view=d16-v2/index.html	https://doc.openlux.ai/api/docs/public/specs/platform/replicate/op/post-replicate-v1-models-minimax-video-01-predictions?view=d16-v2&locale=en-US
a79b48a802272dd6a9f503c758546ca839983fd9c6c0ee5c6fd5ce6c9b283549	9543	api/docs/public/specs/platform/replicate/op/post-replicate-v1-models-minimax-video-01-predictions@@locale=zh-CN&view=d16-v2/index.html	https://doc.openlux.ai/api/docs/public/specs/platform/replicate/op/post-replicate-v1-models-minimax-video-01-predictions?view=d16-v2&locale=zh-CN
f58a79bc0998096c07e98cb2e047032c3971a6ee82cccb286d5a9c860c6d644a	4117	api/docs/public/specs/platform/replicate/op/post-replicate-v1-models-modelpath@@locale=en-US&view=d16-v2/index.html	https://doc.openlux.ai/api/docs/public/specs/platform/replicate/op/post-replicate-v1-models-modelpath?view=d16-v2&locale=en-US
b00cc16dec8de3d6bb7057ed70300affccf43803cb22a2bd16a28e7f3814fcd1	4099	api/docs/public/specs/platform/replicate/op/post-replicate-v1-models-modelpath@@locale=zh-CN&view=d16-v2/index.html	https://doc.openlux.ai/api/docs/public/specs/platform/replicate/op/post-replicate-v1-models-modelpath?view=d16-v2&locale=zh-CN
4617100b32a1fd69ed9b1fb85b08cffe6df5f73226d74f588a6c7fb305824c9d	16777	api/docs/public/specs/platform/replicate/op/post-replicate-v1-models-prunaai-vace-14b-predictions@@locale=en-US&view=d16-v2/index.html	https://doc.openlux.ai/api/docs/public/specs/platform/replicate/op/post-replicate-v1-models-prunaai-vace-14b-predictions?view=d16-v2&locale=en-US
63b3b04c9656c3de07c2fb684f468f71278086ceffd44ea6b71b86d47f2fdd8a	16615	api/docs/public/specs/platform/replicate/op/post-replicate-v1-models-prunaai-vace-14b-predictions@@locale=zh-CN&view=d16-v2/index.html	https://doc.openlux.ai/api/docs/public/specs/platform/replicate/op/post-replicate-v1-models-prunaai-vace-14b-predictions?view=d16-v2&locale=zh-CN
9e874869c764aaa290dcfb7a7661c3c7d25680772c65777af9d4aa1855fbc94a	11128	api/docs/public/specs/platform/replicate/op/post-replicate-v1-models-recraft-ai-recraft-v3-predictions@@locale=en-US&view=d16-v2/index.html	https://doc.openlux.ai/api/docs/public/specs/platform/replicate/op/post-replicate-v1-models-recraft-ai-recraft-v3-predictions?view=d16-v2&locale=en-US
ec336cb88f09a71f467dd7f5d76129f4c397227976aae7dfeb91cbbd3d1fb0ae	10965	api/docs/public/specs/platform/replicate/op/post-replicate-v1-models-recraft-ai-recraft-v3-predictions@@locale=zh-CN&view=d16-v2/index.html	https://doc.openlux.ai/api/docs/public/specs/platform/replicate/op/post-replicate-v1-models-recraft-ai-recraft-v3-predictions?view=d16-v2&locale=zh-CN
8432890f1c2c177ac19ad365a649b59b4f29fa275d5f50b82cb0e442e5234ec6	11574	api/docs/public/specs/platform/replicate/op/post-replicate-v1-models-recraft-ai-recraft-v3-svg-predictions@@locale=en-US&view=d16-v2/index.html	https://doc.openlux.ai/api/docs/public/specs/platform/replicate/op/post-replicate-v1-models-recraft-ai-recraft-v3-svg-predictions?view=d16-v2&locale=en-US
cc72e128f7d0be5398bfa6e6204e348415f6d874a04606bbc7b84b8f21f3b1e9	11411	api/docs/public/specs/platform/replicate/op/post-replicate-v1-models-recraft-ai-recraft-v3-svg-predictions@@locale=zh-CN&view=d16-v2/index.html	https://doc.openlux.ai/api/docs/public/specs/platform/replicate/op/post-replicate-v1-models-recraft-ai-recraft-v3-svg-predictions?view=d16-v2&locale=zh-CN
e0ea5184dc97c64a7dc28c85b19a617bb51b44d8ef431c23873e487044ea3682	12891	api/docs/public/specs/platform/replicate/op/post-replicate-v1-models-riffusion-riffusion-predictions@@locale=en-US&view=d16-v2/index.html	https://doc.openlux.ai/api/docs/public/specs/platform/replicate/op/post-replicate-v1-models-riffusion-riffusion-predictions?view=d16-v2&locale=en-US
06efca70fc1c5c300b5a2e6c553303e2fa17eb66193e6f094c8522333104b14c	12685	api/docs/public/specs/platform/replicate/op/post-replicate-v1-models-riffusion-riffusion-predictions@@locale=zh-CN&view=d16-v2/index.html	https://doc.openlux.ai/api/docs/public/specs/platform/replicate/op/post-replicate-v1-models-riffusion-riffusion-predictions?view=d16-v2&locale=zh-CN
3cd35122833afc910b32689bf5b04518f4d94522b4d948cb0fe80a0a6c5c13c0	11150	api/docs/public/specs/platform/replicate/op/post-replicate-v1-predictions@@locale=en-US&view=d16-v2/index.html	https://doc.openlux.ai/api/docs/public/specs/platform/replicate/op/post-replicate-v1-predictions?view=d16-v2&locale=en-US
35039507cda631473ebe3e09ebcaec7c585662e5ccc07371099ff3cac8386b4e	11033	api/docs/public/specs/platform/replicate/op/post-replicate-v1-predictions@@locale=zh-CN&view=d16-v2/index.html	https://doc.openlux.ai/api/docs/public/specs/platform/replicate/op/post-replicate-v1-predictions?view=d16-v2&locale=zh-CN
776cf46d763a957f5c9457928874d234a18b9ed94d502922d36a61adbbca5e2a	5270	api/docs/public/specs/platform/replicate/operations@@locale=zh-CN/index.html	https://doc.openlux.ai/api/docs/public/specs/platform/replicate/operations?locale=zh-CN
86180a38de32a6dba378205cde773400e87bc67d1336362cb3c9b584c4413c12	3696	api/docs/public/specs/platform/runway/op/get-runwayml-v1-tasks-task-id@@locale=en-US&view=d16-v2/index.html	https://doc.openlux.ai/api/docs/public/specs/platform/runway/op/get-runwayml-v1-tasks-task-id?view=d16-v2&locale=en-US
5424634aaa2192cafac3db0dcbb553b8cf2a68b838429e2f1f010edc345c9486	3664	api/docs/public/specs/platform/runway/op/get-runwayml-v1-tasks-task-id@@locale=zh-CN&view=d16-v2/index.html	https://doc.openlux.ai/api/docs/public/specs/platform/runway/op/get-runwayml-v1-tasks-task-id?view=d16-v2&locale=zh-CN
4125e2633540c6cfa7326d6230f88dfa8baeb52c75ba20c9859cd5a8469593cd	8113	api/docs/public/specs/platform/runway/op/post-runwayml-v1-image-to-video@@locale=en-US&view=d16-v2/index.html	https://doc.openlux.ai/api/docs/public/specs/platform/runway/op/post-runwayml-v1-image-to-video?view=d16-v2&locale=en-US
2b3b8b4cce2f3281de508515b5cf7dbbf4020aeda9905387bdd183acd7e3deb2	7984	api/docs/public/specs/platform/runway/op/post-runwayml-v1-image-to-video@@locale=zh-CN&view=d16-v2/index.html	https://doc.openlux.ai/api/docs/public/specs/platform/runway/op/post-runwayml-v1-image-to-video?view=d16-v2&locale=zh-CN
fad066d7e5f798f50254cda3516afbe125b3d0a53f940776fdf9156c21061b68	348	api/docs/public/specs/platform/runway/operations@@locale=zh-CN/index.html	https://doc.openlux.ai/api/docs/public/specs/platform/runway/operations?locale=zh-CN
f5c522bddb5a5281058b67dd7f157820b1f1f9287f9d87b5ec5be8c78025dd51	2479	api/docs/public/specs/platform/seedance/op/delete-api-v3-contents-generations-tasks-task-id@@locale=en-US&view=d16-v2/index.html	https://doc.openlux.ai/api/docs/public/specs/platform/seedance/op/delete-api-v3-contents-generations-tasks-task-id?view=d16-v2&locale=en-US
08ee3def1993b9efd343d4c568601078a453d773b3e510f1a6db38273bc00e5d	2475	api/docs/public/specs/platform/seedance/op/delete-api-v3-contents-generations-tasks-task-id@@locale=zh-CN&view=d16-v2/index.html	https://doc.openlux.ai/api/docs/public/specs/platform/seedance/op/delete-api-v3-contents-generations-tasks-task-id?view=d16-v2&locale=zh-CN
4b7c31001fc95234f39e5b0126d41ad45b36793cdc80ecd630b456bdeb9496f7	2480	api/docs/public/specs/platform/seedance/op/get-api-v3-contents-generations-tasks-task-id@@locale=en-US&view=d16-v2/index.html	https://doc.openlux.ai/api/docs/public/specs/platform/seedance/op/get-api-v3-contents-generations-tasks-task-id?view=d16-v2&locale=en-US
5a9c994e125aa70ec30acb8e2b6afd1ceec179ab5765140211af2a7b190facbe	2493	api/docs/public/specs/platform/seedance/op/get-api-v3-contents-generations-tasks-task-id@@locale=zh-CN&view=d16-v2/index.html	https://doc.openlux.ai/api/docs/public/specs/platform/seedance/op/get-api-v3-contents-generations-tasks-task-id?view=d16-v2&locale=zh-CN
bc6662f3ee7a900538655cb006b81cfbfaa32656570eb6603ef2d7faab88efe9	2426	api/docs/public/specs/platform/seedance/op/get-api-v3-contents-generations-tasks@@locale=en-US&view=d16-v2/index.html	https://doc.openlux.ai/api/docs/public/specs/platform/seedance/op/get-api-v3-contents-generations-tasks?view=d16-v2&locale=en-US
a14fb31e997f1b8f572ee5b59c64ec1d8dcb1c3c8600ba2eb5028cf11e1c04cf	2414	api/docs/public/specs/platform/seedance/op/get-api-v3-contents-generations-tasks@@locale=zh-CN&view=d16-v2/index.html	https://doc.openlux.ai/api/docs/public/specs/platform/seedance/op/get-api-v3-contents-generations-tasks?view=d16-v2&locale=zh-CN
ad6ff8b1ca9388dbf5f7314ab3513a46302f37a49811ad66578a62cc2ff37063	3122	api/docs/public/specs/platform/seedance/op/get-v1-video-generations-task-id@@locale=en-US&view=d16-v2/index.html	https://doc.openlux.ai/api/docs/public/specs/platform/seedance/op/get-v1-video-generations-task-id?view=d16-v2&locale=en-US
a0c8ca6d2e5dae18a411990e57ece7d83c2a90686dcc40298b87656645fb1bb6	3156	api/docs/public/specs/platform/seedance/op/get-v1-video-generations-task-id@@locale=zh-CN&view=d16-v2/index.html	https://doc.openlux.ai/api/docs/public/specs/platform/seedance/op/get-v1-video-generations-task-id?view=d16-v2&locale=zh-CN
8f72a8b47e9e033954a55ee4a0c169ff84807e764ee7a3e9b498e855a8fa50c5	6761	api/docs/public/specs/platform/seedance/op/post-api-v3-contents-generations-tasks@@locale=en-US&view=d16-v2/index.html	https://doc.openlux.ai/api/docs/public/specs/platform/seedance/op/post-api-v3-contents-generations-tasks?view=d16-v2&locale=en-US
b6bf11c6a516e78cface998c685f72f72eff4d0a6d12ec51676e3b31c8b34f47	6720	api/docs/public/specs/platform/seedance/op/post-api-v3-contents-generations-tasks@@locale=zh-CN&view=d16-v2/index.html	https://doc.openlux.ai/api/docs/public/specs/platform/seedance/op/post-api-v3-contents-generations-tasks?view=d16-v2&locale=zh-CN
8c8bfccd829b134058885cdd888bd5c8364cf9af5fb7087a8ff3080bd4134536	949	api/docs/public/specs/platform/seedance/operations@@locale=zh-CN/index.html	https://doc.openlux.ai/api/docs/public/specs/platform/seedance/operations?locale=zh-CN
b1f862eed59f59e93822646346013bac14140c6ffaa0d822a2224d157b178340	5121	api/docs/public/specs/platform/sora/op/get-v1-videos-id-content@@locale=en-US&view=d16-v2/index.html	https://doc.openlux.ai/api/docs/public/specs/platform/sora/op/get-v1-videos-id-content?view=d16-v2&locale=en-US
ae5863ddd580df3a995e1929fe518ab6278eb2dd78bf3e2f8739331e9a70c469	5127	api/docs/public/specs/platform/sora/op/get-v1-videos-id-content@@locale=zh-CN&view=d16-v2/index.html	https://doc.openlux.ai/api/docs/public/specs/platform/sora/op/get-v1-videos-id-content?view=d16-v2&locale=zh-CN
e876259d7f22f2f925e8f82556eba5d88785057a7efc76d77934abb48b501a73	7939	api/docs/public/specs/platform/sora/op/post-sora-v1-characters@@locale=en-US&view=d16-v2/index.html	https://doc.openlux.ai/api/docs/public/specs/platform/sora/op/post-sora-v1-characters?view=d16-v2&locale=en-US
c6ce692ad73d77e548fb783e1e0454d12910285823e34e40322aafde41196136	7739	api/docs/public/specs/platform/sora/op/post-sora-v1-characters@@locale=zh-CN&view=d16-v2/index.html	https://doc.openlux.ai/api/docs/public/specs/platform/sora/op/post-sora-v1-characters?view=d16-v2&locale=zh-CN
860126e553f3ae4957a0fa01c96d89e3f49904b292651ad40058b6471014fcca	5691	api/docs/public/specs/platform/sora/op/post-v1-videos-characters@@locale=en-US&view=d16-v2/index.html	https://doc.openlux.ai/api/docs/public/specs/platform/sora/op/post-v1-videos-characters?view=d16-v2&locale=en-US
6ffb8389ed883e6e437812cee44f1f71e6a29cc2488d911afeccb06440d482b0	5617	api/docs/public/specs/platform/sora/op/post-v1-videos-characters@@locale=zh-CN&view=d16-v2/index.html	https://doc.openlux.ai/api/docs/public/specs/platform/sora/op/post-v1-videos-characters?view=d16-v2&locale=zh-CN
7de1e529d1f0b22a56dda7903f9695d53288727ca4dab2cb6842230cff547cbd	4305	api/docs/public/specs/platform/sora/op/post-v1-videos-id-remix@@locale=en-US&view=d16-v2/index.html	https://doc.openlux.ai/api/docs/public/specs/platform/sora/op/post-v1-videos-id-remix?view=d16-v2&locale=en-US
403509fb257783f440d146c0c8acc12c767442978e81e442f766aa572b22b48d	4325	api/docs/public/specs/platform/sora/op/post-v1-videos-id-remix@@locale=zh-CN&view=d16-v2/index.html	https://doc.openlux.ai/api/docs/public/specs/platform/sora/op/post-v1-videos-id-remix?view=d16-v2&locale=zh-CN
0dd94d7e1544f0d54ab11211ce06a0d217cd98b9f38f7d5d1e8f47bdc15762fe	640	api/docs/public/specs/platform/sora/operations@@locale=zh-CN/index.html	https://doc.openlux.ai/api/docs/public/specs/platform/sora/operations?locale=zh-CN
5cffd16d376aacc4010bdb9e3abfa430b58be8d81b31020f7cfa34385487b478	2250	api/docs/public/specs/platform/suno/op/get-suno-account-integral@@locale=en-US&view=d16-v2/index.html	https://doc.openlux.ai/api/docs/public/specs/platform/suno/op/get-suno-account-integral?view=d16-v2&locale=en-US
00a58b8c9768aac291f75cd372409488c14e8d0875286e13b436de67aba0cc09	2222	api/docs/public/specs/platform/suno/op/get-suno-account-integral@@locale=zh-CN&view=d16-v2/index.html	https://doc.openlux.ai/api/docs/public/specs/platform/suno/op/get-suno-account-integral?view=d16-v2&locale=zh-CN
abad96b03ad3d0d1182c9b0442f36ffe0f9ccd41b7045869119d0189046cbd2b	2615	api/docs/public/specs/platform/suno/op/get-suno-act-midi@@locale=en-US&view=d16-v2/index.html	https://doc.openlux.ai/api/docs/public/specs/platform/suno/op/get-suno-act-midi?view=d16-v2&locale=en-US
758a3fbe6d053e8f776137f6d51b8f9125edbfc458e0859562c4da2aa9c4939d	2608	api/docs/public/specs/platform/suno/op/get-suno-act-midi@@locale=zh-CN&view=d16-v2/index.html	https://doc.openlux.ai/api/docs/public/specs/platform/suno/op/get-suno-act-midi?view=d16-v2&locale=zh-CN
8447448c5d1fae557d5b1bce92767bab74f68d5c4a37ef9a244d80b77387aab6	2456	api/docs/public/specs/platform/suno/op/get-suno-act-mp4-state@@locale=en-US&view=d16-v2/index.html	https://doc.openlux.ai/api/docs/public/specs/platform/suno/op/get-suno-act-mp4-state?view=d16-v2&locale=en-US
586bb450400b4ff93786f43fcd02fd05c492055a28a476e48fe6cc81ce22b8c7	2443	api/docs/public/specs/platform/suno/op/get-suno-act-mp4-state@@locale=zh-CN&view=d16-v2/index.html	https://doc.openlux.ai/api/docs/public/specs/platform/suno/op/get-suno-act-mp4-state?view=d16-v2&locale=zh-CN
53fa2ba55c4d75241dce27262b7b58ba52ea2fdb1ab6610301d8ee9513a20838	3519	api/docs/public/specs/platform/suno/op/get-suno-act-music-style@@locale=en-US&view=d16-v2/index.html	https://doc.openlux.ai/api/docs/public/specs/platform/suno/op/get-suno-act-music-style?view=d16-v2&locale=en-US
5785f6f8e06680b48cb399b98995cf13f37e1e1eea034b40a4c5706098c6357b	3521	api/docs/public/specs/platform/suno/op/get-suno-act-music-style@@locale=zh-CN&view=d16-v2/index.html	https://doc.openlux.ai/api/docs/public/specs/platform/suno/op/get-suno-act-music-style?view=d16-v2&locale=zh-CN
e0aeffd605a564b12fb8cabc4bae52a9882fd31e3b231487314e5145fe9323a6	2538	api/docs/public/specs/platform/suno/op/get-suno-act-my-musics@@locale=en-US&view=d16-v2/index.html	https://doc.openlux.ai/api/docs/public/specs/platform/suno/op/get-suno-act-my-musics?view=d16-v2&locale=en-US
09effe6ca4c8f5a0b64f27d6b7a0a7452ab859418072d647ab14cbf820059c8c	2514	api/docs/public/specs/platform/suno/op/get-suno-act-my-musics@@locale=zh-CN&view=d16-v2/index.html	https://doc.openlux.ai/api/docs/public/specs/platform/suno/op/get-suno-act-my-musics?view=d16-v2&locale=zh-CN
68ebc0e9a145211a9022ff7fcaf2aaf755f7c7d976aec05228225577fc44c04f	2461	api/docs/public/specs/platform/suno/op/get-suno-act-timing-id@@locale=en-US&view=d16-v2/index.html	https://doc.openlux.ai/api/docs/public/specs/platform/suno/op/get-suno-act-timing-id?view=d16-v2&locale=en-US
4cec35ab78d6da1965ec7185eb219f356c5f5e1cdf5c21cd1efca73188adc9c9	2455	api/docs/public/specs/platform/suno/op/get-suno-act-timing-id@@locale=zh-CN&view=d16-v2/index.html	https://doc.openlux.ai/api/docs/public/specs/platform/suno/op/get-suno-act-timing-id?view=d16-v2&locale=zh-CN
6aad7ffa042e2548173140bebc8bc7a3d4da78a306f2efdbb45a8af377f86faf	2429	api/docs/public/specs/platform/suno/op/get-suno-act-wav-clip-id@@locale=en-US&view=d16-v2/index.html	https://doc.openlux.ai/api/docs/public/specs/platform/suno/op/get-suno-act-wav-clip-id?view=d16-v2&locale=en-US
392c25463f0ad80faeb5a9ced2ea3aa90c75b3489799ad2c2dbf9be81260baba	2429	api/docs/public/specs/platform/suno/op/get-suno-act-wav-clip-id@@locale=zh-CN&view=d16-v2/index.html	https://doc.openlux.ai/api/docs/public/specs/platform/suno/op/get-suno-act-wav-clip-id?view=d16-v2&locale=zh-CN
1ed6f81811e622df2f3124543b86cd666c9ea0bab242dbef5e0747970b1b855e	2437	api/docs/public/specs/platform/suno/op/get-suno-act-waveform@@locale=en-US&view=d16-v2/index.html	https://doc.openlux.ai/api/docs/public/specs/platform/suno/op/get-suno-act-waveform?view=d16-v2&locale=en-US
91338b26ecb0d9099837ff89e91ea5e83d598f0dc2da0e6eb0ff6e370b28ea5a	2442	api/docs/public/specs/platform/suno/op/get-suno-act-waveform@@locale=zh-CN&view=d16-v2/index.html	https://doc.openlux.ai/api/docs/public/specs/platform/suno/op/get-suno-act-waveform?view=d16-v2&locale=zh-CN
e718ea51efa29030741a6a0f38be7da5cbae72028fe716e8cfca265253235f60	4463	api/docs/public/specs/platform/suno/op/get-suno-fetch-id@@locale=en-US&view=d16-v2/index.html	https://doc.openlux.ai/api/docs/public/specs/platform/suno/op/get-suno-fetch-id?view=d16-v2&locale=en-US
6977c109ebb37c5f5394de9ce4fa2f46b103322e88d2cf666763e0276876e910	4398	api/docs/public/specs/platform/suno/op/get-suno-fetch-id@@locale=zh-CN&view=d16-v2/index.html	https://doc.openlux.ai/api/docs/public/specs/platform/suno/op/get-suno-fetch-id?view=d16-v2&locale=zh-CN
ffab4b5835d4ab3c558c42f1b45b8a6b20cff9058710803f65bef8b443ba1e4f	6361	api/docs/public/specs/platform/suno/op/post-suno-fetch@@locale=en-US&view=d16-v2/index.html	https://doc.openlux.ai/api/docs/public/specs/platform/suno/op/post-suno-fetch?view=d16-v2&locale=en-US
d39f4c95a07ff4310d947a09ba9951a23f707bc1b18656238d14085b457658f3	6273	api/docs/public/specs/platform/suno/op/post-suno-fetch@@locale=zh-CN&view=d16-v2/index.html	https://doc.openlux.ai/api/docs/public/specs/platform/suno/op/post-suno-fetch?view=d16-v2&locale=zh-CN
27d568c5542fdc37bfaecfb8c03e2ec3edebf528c3cbc9214135f67f7492a215	4372	api/docs/public/specs/platform/suno/op/post-suno-submit-adjust-speed@@locale=en-US&view=d16-v2/index.html	https://doc.openlux.ai/api/docs/public/specs/platform/suno/op/post-suno-submit-adjust-speed?view=d16-v2&locale=en-US
449018496eb085d5fedcf7592bf324ad17bf0940fee1920eb7ee4514a03267df	4336	api/docs/public/specs/platform/suno/op/post-suno-submit-adjust-speed@@locale=zh-CN&view=d16-v2/index.html	https://doc.openlux.ai/api/docs/public/specs/platform/suno/op/post-suno-submit-adjust-speed?view=d16-v2&locale=zh-CN
1f340d519ab9385bf194ef1c8bc3de469d88d9ca6f795a6bef27b34aca382ac3	3941	api/docs/public/specs/platform/suno/op/post-suno-submit-concat@@locale=en-US&view=d16-v2/index.html	https://doc.openlux.ai/api/docs/public/specs/platform/suno/op/post-suno-submit-concat?view=d16-v2&locale=en-US
8b0ce4c7242f31b94332e6418c4ce0ccdfc5425ca7e87e44aec7cdd40e74c27d	3882	api/docs/public/specs/platform/suno/op/post-suno-submit-concat@@locale=zh-CN&view=d16-v2/index.html	https://doc.openlux.ai/api/docs/public/specs/platform/suno/op/post-suno-submit-concat?view=d16-v2&locale=zh-CN
74b8c314ba0f14b864865af4853e991d793a2352c9e2628a11edad7e52bf931e	4277	api/docs/public/specs/platform/suno/op/post-suno-submit-fade@@locale=en-US&view=d16-v2/index.html	https://doc.openlux.ai/api/docs/public/specs/platform/suno/op/post-suno-submit-fade?view=d16-v2&locale=en-US
16b361a686d9aa4232e291ed35d32d93d40c3ba12827c739ef55a9b5c5eff161	4247	api/docs/public/specs/platform/suno/op/post-suno-submit-fade@@locale=zh-CN&view=d16-v2/index.html	https://doc.openlux.ai/api/docs/public/specs/platform/suno/op/post-suno-submit-fade?view=d16-v2&locale=zh-CN
bd1989338611fac77035638dc8acc69dc1be6f8e0d0249ed357f5b81888ab468	3727	api/docs/public/specs/platform/suno/op/post-suno-submit-lyrics@@locale=en-US&view=d16-v2/index.html	https://doc.openlux.ai/api/docs/public/specs/platform/suno/op/post-suno-submit-lyrics?view=d16-v2&locale=en-US
2efcae316a51700fce25c0c39fb4fcbde9325519dcbce7fc1b5b7f790d6bcaa3	3719	api/docs/public/specs/platform/suno/op/post-suno-submit-lyrics@@locale=zh-CN&view=d16-v2/index.html	https://doc.openlux.ai/api/docs/public/specs/platform/suno/op/post-suno-submit-lyrics?view=d16-v2&locale=zh-CN
8016069a296707acc6d18df05f6377a2ec22de93e46cf2d34d8d3f722bf6bc25	4353	api/docs/public/specs/platform/suno/op/post-suno-submit-mp4@@locale=en-US&view=d16-v2/index.html	https://doc.openlux.ai/api/docs/public/specs/platform/suno/op/post-suno-submit-mp4?view=d16-v2&locale=en-US
787dee40d84311b42a3b2ecdf45bf982fe702d28b018503f3ed3940f972521e9	4335	api/docs/public/specs/platform/suno/op/post-suno-submit-mp4@@locale=zh-CN&view=d16-v2/index.html	https://doc.openlux.ai/api/docs/public/specs/platform/suno/op/post-suno-submit-mp4?view=d16-v2&locale=zh-CN
200cec7b57ddbd4eaeca2149c6636d996df99851f36d2c6f40dd1ba5c758978c	22745	api/docs/public/specs/platform/suno/op/post-suno-submit-music@@locale=en-US&view=d16-v2/index.html	https://doc.openlux.ai/api/docs/public/specs/platform/suno/op/post-suno-submit-music?view=d16-v2&locale=en-US
4c4b26d05637346d80e90b0a4a496f0558a0553f3cec9fbb16dd7a7b3c2d91f2	20712	api/docs/public/specs/platform/suno/op/post-suno-submit-music@@locale=zh-CN&view=d16-v2/index.html	https://doc.openlux.ai/api/docs/public/specs/platform/suno/op/post-suno-submit-music?view=d16-v2&locale=zh-CN
afaf6886d33b905dfd5c356e65735efd24b9ce4bf0f3e6ce50984ca228e0c27a	5106	api/docs/public/specs/platform/suno/op/post-suno-submit-persona@@locale=en-US&view=d16-v2/index.html	https://doc.openlux.ai/api/docs/public/specs/platform/suno/op/post-suno-submit-persona?view=d16-v2&locale=en-US
4a584a193e447fe49fb0dc415472f5b7b442f47927d8b3722f515f1a74510ef7	4983	api/docs/public/specs/platform/suno/op/post-suno-submit-persona@@locale=zh-CN&view=d16-v2/index.html	https://doc.openlux.ai/api/docs/public/specs/platform/suno/op/post-suno-submit-persona?view=d16-v2&locale=zh-CN
492ca515dfa483a7e9e168ea92c7eacb0979c1e0ccce82a9d2208a34e03f1501	4375	api/docs/public/specs/platform/suno/op/post-suno-submit-regen-img@@locale=en-US&view=d16-v2/index.html	https://doc.openlux.ai/api/docs/public/specs/platform/suno/op/post-suno-submit-regen-img?view=d16-v2&locale=en-US
6fb908e6e156afcd321392730cd1ff51883e50279b351a9d7a81bc87b5fb7fc6	4368	api/docs/public/specs/platform/suno/op/post-suno-submit-regen-img@@locale=zh-CN&view=d16-v2/index.html	https://doc.openlux.ai/api/docs/public/specs/platform/suno/op/post-suno-submit-regen-img?view=d16-v2&locale=zh-CN
75e4f7ca4a6f2e04eac04ccded18913de27830bacadcfc68bfbce40833a5bc33	4634	api/docs/public/specs/platform/suno/op/post-suno-submit-set-metadata@@locale=en-US&view=d16-v2/index.html	https://doc.openlux.ai/api/docs/public/specs/platform/suno/op/post-suno-submit-set-metadata?view=d16-v2&locale=en-US
6aeea71568eb47df8a65340c3232eb63bc4682da15629cc8308546324f583be9	4626	api/docs/public/specs/platform/suno/op/post-suno-submit-set-metadata@@locale=zh-CN&view=d16-v2/index.html	https://doc.openlux.ai/api/docs/public/specs/platform/suno/op/post-suno-submit-set-metadata?view=d16-v2&locale=zh-CN
33f8f75b1e1666edf98525a2e98275d82316d2f2802ab459fb9a435afdab57a1	4403	api/docs/public/specs/platform/suno/op/post-suno-submit-stems-all-by-url@@locale=en-US&view=d16-v2/index.html	https://doc.openlux.ai/api/docs/public/specs/platform/suno/op/post-suno-submit-stems-all-by-url?view=d16-v2&locale=en-US
31ff6498478f9ebb81e8a78262961a1fb77e9eb3e752735f5c9daef919916a91	4361	api/docs/public/specs/platform/suno/op/post-suno-submit-stems-all-by-url@@locale=zh-CN&view=d16-v2/index.html	https://doc.openlux.ai/api/docs/public/specs/platform/suno/op/post-suno-submit-stems-all-by-url?view=d16-v2&locale=zh-CN
c5115d4061e9f99e252b6ca921592e242bf6818f4252afe254a476af55aa6632	4456	api/docs/public/specs/platform/suno/op/post-suno-submit-stems-all@@locale=en-US&view=d16-v2/index.html	https://doc.openlux.ai/api/docs/public/specs/platform/suno/op/post-suno-submit-stems-all?view=d16-v2&locale=en-US
ac0b4f866a983e90af572d6bb3fd25b9696237ad2c815589c6cb61d353159e9d	4415	api/docs/public/specs/platform/suno/op/post-suno-submit-stems-all@@locale=zh-CN&view=d16-v2/index.html	https://doc.openlux.ai/api/docs/public/specs/platform/suno/op/post-suno-submit-stems-all?view=d16-v2&locale=zh-CN
073746a26d20657634cbb1f1d290f43316d23528dbdb0895a35f711e619a5f95	4397	api/docs/public/specs/platform/suno/op/post-suno-submit-stems-by-url@@locale=en-US&view=d16-v2/index.html	https://doc.openlux.ai/api/docs/public/specs/platform/suno/op/post-suno-submit-stems-by-url?view=d16-v2&locale=en-US
7d867b5989000cc77faec13180c97023395ccc09f211f6c891f08d869dd9a41e	4358	api/docs/public/specs/platform/suno/op/post-suno-submit-stems-by-url@@locale=zh-CN&view=d16-v2/index.html	https://doc.openlux.ai/api/docs/public/specs/platform/suno/op/post-suno-submit-stems-by-url?view=d16-v2&locale=zh-CN
c844beb2b13853b533dbcee71108beec4d1977c6f9623ce2713cb1032f8cf7a1	4825	api/docs/public/specs/platform/suno/op/post-suno-submit-stems@@locale=en-US&view=d16-v2/index.html	https://doc.openlux.ai/api/docs/public/specs/platform/suno/op/post-suno-submit-stems?view=d16-v2&locale=en-US
a13e856569bf1cc8af4611a356344308cc6be92e8791e6222596c24fc56d958a	4727	api/docs/public/specs/platform/suno/op/post-suno-submit-stems@@locale=zh-CN&view=d16-v2/index.html	https://doc.openlux.ai/api/docs/public/specs/platform/suno/op/post-suno-submit-stems?view=d16-v2&locale=zh-CN
3596429a1cae5bc1a91688d5f762a71ad61fa71f975856da69ddce2a6deff8cd	3928	api/docs/public/specs/platform/suno/op/post-suno-submit-upsample-tags@@locale=en-US&view=d16-v2/index.html	https://doc.openlux.ai/api/docs/public/specs/platform/suno/op/post-suno-submit-upsample-tags?view=d16-v2&locale=en-US
d4021645c79c445ff5463061185c9530a338aa4ca09e9a50cdeab3d96a328ffb	3906	api/docs/public/specs/platform/suno/op/post-suno-submit-upsample-tags@@locale=zh-CN&view=d16-v2/index.html	https://doc.openlux.ai/api/docs/public/specs/platform/suno/op/post-suno-submit-upsample-tags?view=d16-v2&locale=zh-CN
fcebb8bb584a6e72a51c2e98caafd1f97c924c4265e67922834e07b3a3484454	3913	api/docs/public/specs/platform/suno/op/post-suno-submit-url-transfer@@locale=en-US&view=d16-v2/index.html	https://doc.openlux.ai/api/docs/public/specs/platform/suno/op/post-suno-submit-url-transfer?view=d16-v2&locale=en-US
3c72c4ce46b5b7010114aa3cb2d2a26733a8c8309a7d006825f801c8201ffe9c	3829	api/docs/public/specs/platform/suno/op/post-suno-submit-url-transfer@@locale=zh-CN&view=d16-v2/index.html	https://doc.openlux.ai/api/docs/public/specs/platform/suno/op/post-suno-submit-url-transfer?view=d16-v2&locale=zh-CN
6e120b8858e42d9f825a4d885981c84df839697e04d641406b1daf6bb4644413	5703	api/docs/public/specs/platform/suno/op/post-suno-uploads-audio@@locale=en-US&view=d16-v2/index.html	https://doc.openlux.ai/api/docs/public/specs/platform/suno/op/post-suno-uploads-audio?view=d16-v2&locale=en-US
1942f4f3d9bf14facafe8b4566b61459fbb854063d87164187e61f56771a43ac	5542	api/docs/public/specs/platform/suno/op/post-suno-uploads-audio@@locale=zh-CN&view=d16-v2/index.html	https://doc.openlux.ai/api/docs/public/specs/platform/suno/op/post-suno-uploads-audio?view=d16-v2&locale=zh-CN
7826c2c79fcec48b8f4932e0737787d93671bc07b07b672669542d4817dd8d56	4146	api/docs/public/specs/platform/suno/operations@@locale=zh-CN/index.html	https://doc.openlux.ai/api/docs/public/specs/platform/suno/operations?locale=zh-CN
3debac7838514541b8b523b673b35a91a68fa9970eedbf8d2eaf6b6585fc833e	3464	api/docs/public/specs/platform/system/op/delete-api-token-id@@locale=en-US&view=d16-v2/index.html	https://doc.openlux.ai/api/docs/public/specs/platform/system/op/delete-api-token-id?view=d16-v2&locale=en-US
0ee7bd514b60ec709267c5c9fddfd85bb10550e4216bbd0cc1abf4783055efd1	3448	api/docs/public/specs/platform/system/op/delete-api-token-id@@locale=zh-CN&view=d16-v2/index.html	https://doc.openlux.ai/api/docs/public/specs/platform/system/op/delete-api-token-id?view=d16-v2&locale=zh-CN
932f2e957c0dcc6f9699eaca88d16648815202cc69a2c1c63bd8e30c952e6856	7730	api/docs/public/specs/platform/system/op/get-api-token-search@@locale=en-US&view=d16-v2/index.html	https://doc.openlux.ai/api/docs/public/specs/platform/system/op/get-api-token-search?view=d16-v2&locale=en-US
b30ac2f9664561b5ffa245c011f69fa08f321a465c741fc73022d4c78ab552e4	7761	api/docs/public/specs/platform/system/op/get-api-token-search@@locale=zh-CN&view=d16-v2/index.html	https://doc.openlux.ai/api/docs/public/specs/platform/system/op/get-api-token-search?view=d16-v2&locale=zh-CN
dbcab430d21d5cbb5c8a8af5e7626baf11aa1cd865418bae7e9726d43f94d70e	8551	api/docs/public/specs/platform/system/op/get-api-token@@locale=en-US&view=d16-v2/index.html	https://doc.openlux.ai/api/docs/public/specs/platform/system/op/get-api-token?view=d16-v2&locale=en-US
a4e494371c24f069f71c41a546604b59948ca6007e4d73aea28c284b93d0c2ae	8544	api/docs/public/specs/platform/system/op/get-api-token@@locale=zh-CN&view=d16-v2/index.html	https://doc.openlux.ai/api/docs/public/specs/platform/system/op/get-api-token?view=d16-v2&locale=zh-CN
bac791126cfc89714a8ca62dc1659d777b0b393d424b03449b5a20547361404c	5387	api/docs/public/specs/platform/system/op/get-api-usage-token@@locale=en-US&view=d16-v2/index.html	https://doc.openlux.ai/api/docs/public/specs/platform/system/op/get-api-usage-token?view=d16-v2&locale=en-US
c42dfc1743fc82d6fc1653aba2433a47b3cafb7a0aec8d2b19bc5c6dd8e1e155	5337	api/docs/public/specs/platform/system/op/get-api-usage-token@@locale=zh-CN&view=d16-v2/index.html	https://doc.openlux.ai/api/docs/public/specs/platform/system/op/get-api-usage-token?view=d16-v2&locale=zh-CN
531f9c1c27f97661c95186e57a423fe47652293c428e5e138dff2d7f6061dec9	5170	api/docs/public/specs/platform/system/op/get-api-user-self@@locale=en-US&view=d16-v2/index.html	https://doc.openlux.ai/api/docs/public/specs/platform/system/op/get-api-user-self?view=d16-v2&locale=en-US
23b18c9c858644f8b34c7a3715ad13ee6775ca417c60cffb84465538972f47b1	5157	api/docs/public/specs/platform/system/op/get-api-user-self@@locale=zh-CN&view=d16-v2/index.html	https://doc.openlux.ai/api/docs/public/specs/platform/system/op/get-api-user-self?view=d16-v2&locale=zh-CN
18c82d748d193a54622138f747fa2df4c35e9aacb1da791f7def6cb45773e30c	6908	api/docs/public/specs/platform/system/op/post-api-token@@locale=en-US&view=d16-v2/index.html	https://doc.openlux.ai/api/docs/public/specs/platform/system/op/post-api-token?view=d16-v2&locale=en-US
88daffdbcadcd51d726eee105ca3d107f26f2e3190d864c6e929085dbeacdabb	6889	api/docs/public/specs/platform/system/op/post-api-token@@locale=zh-CN&view=d16-v2/index.html	https://doc.openlux.ai/api/docs/public/specs/platform/system/op/post-api-token?view=d16-v2&locale=zh-CN
2ec2bbb54fe17056e94aee3f11436ca5ea3494ead48351c6ee8493920aa3d946	3833	api/docs/public/specs/platform/system/op/post-api-upload@@locale=en-US&view=d16-v2/index.html	https://doc.openlux.ai/api/docs/public/specs/platform/system/op/post-api-upload?view=d16-v2&locale=en-US
b1e585cc3b65477885cfbae8045d08cf9277b16b2091efc75b3f4a7f228d745b	3842	api/docs/public/specs/platform/system/op/post-api-upload@@locale=zh-CN&view=d16-v2/index.html	https://doc.openlux.ai/api/docs/public/specs/platform/system/op/post-api-upload?view=d16-v2&locale=zh-CN
a26c5f35716ba1495129b1a610add8d82840ee7d720722234519470b3cbded35	6648	api/docs/public/specs/platform/system/op/put-api-token-batch@@locale=en-US&view=d16-v2/index.html	https://doc.openlux.ai/api/docs/public/specs/platform/system/op/put-api-token-batch?view=d16-v2&locale=en-US
c22ff72c5d747264cc50b3bba7ef2c286d1bc6b2cfa57b52b46f1a34633ca7f7	6664	api/docs/public/specs/platform/system/op/put-api-token-batch@@locale=zh-CN&view=d16-v2/index.html	https://doc.openlux.ai/api/docs/public/specs/platform/system/op/put-api-token-batch?view=d16-v2&locale=zh-CN
4bb04b07ae78d8c8974ffa34cf8c57866ffdf594dfe2fbaeee0a626bba147239	11239	api/docs/public/specs/platform/system/op/put-api-token@@locale=en-US&view=d16-v2/index.html	https://doc.openlux.ai/api/docs/public/specs/platform/system/op/put-api-token?view=d16-v2&locale=en-US
aaf4d2bac6640fd4fc4cb6ec84e26684ddf29451e88b81c2b61ace90a15362da	11274	api/docs/public/specs/platform/system/op/put-api-token@@locale=zh-CN&view=d16-v2/index.html	https://doc.openlux.ai/api/docs/public/specs/platform/system/op/put-api-token?view=d16-v2&locale=zh-CN
b67c5f1ec106e0867c828c49efe341236fb28b61ea6a53223a0909a769d3edaa	1308	api/docs/public/specs/platform/system/operations@@locale=zh-CN/index.html	https://doc.openlux.ai/api/docs/public/specs/platform/system/operations?locale=zh-CN
978d9a4259b4128b78c400a447ffd17b124f5f28a12187188580021cdcbeac91	2549	api/docs/public/specs/platform/tencent-vod/op/get-tencent-vod-v1-query-task-id@@locale=en-US&view=d16-v2/index.html	https://doc.openlux.ai/api/docs/public/specs/platform/tencent-vod/op/get-tencent-vod-v1-query-task-id?view=d16-v2&locale=en-US
72fa66b00c4c0d15a0a7990d82c045a2d6b375015757cf4446850ab2ad8138d5	2530	api/docs/public/specs/platform/tencent-vod/op/get-tencent-vod-v1-query-task-id@@locale=zh-CN&view=d16-v2/index.html	https://doc.openlux.ai/api/docs/public/specs/platform/tencent-vod/op/get-tencent-vod-v1-query-task-id?view=d16-v2&locale=zh-CN
e02930ccc90d9d4a10dab256c6ec0d65e625d0c23dcc2d2bf6529f44bd8f980a	17575	api/docs/public/specs/platform/tencent-vod/op/post-tencent-vod-v1-aigc-image@@locale=en-US&view=d16-v2/index.html	https://doc.openlux.ai/api/docs/public/specs/platform/tencent-vod/op/post-tencent-vod-v1-aigc-image?view=d16-v2&locale=en-US
97c345769099108a08002e733ecbdc49e3c080a96b2976f6c25201a6bdceb248	15992	api/docs/public/specs/platform/tencent-vod/op/post-tencent-vod-v1-aigc-image@@locale=zh-CN&view=d16-v2/index.html	https://doc.openlux.ai/api/docs/public/specs/platform/tencent-vod/op/post-tencent-vod-v1-aigc-image?view=d16-v2&locale=zh-CN
e049acb93aafa253273cbbe5c34814ed0fa764f3f14e700e4473cec36937e85e	25225	api/docs/public/specs/platform/tencent-vod/op/post-tencent-vod-v1-aigc-video@@locale=en-US&view=d16-v2/index.html	https://doc.openlux.ai/api/docs/public/specs/platform/tencent-vod/op/post-tencent-vod-v1-aigc-video?view=d16-v2&locale=en-US
83e6eb841346f6776da43d6d8ec9896e699005fbe31c6cf946e7565c27a8ae44	22281	api/docs/public/specs/platform/tencent-vod/op/post-tencent-vod-v1-aigc-video@@locale=zh-CN&view=d16-v2/index.html	https://doc.openlux.ai/api/docs/public/specs/platform/tencent-vod/op/post-tencent-vod-v1-aigc-video?view=d16-v2&locale=zh-CN
afe2ea0165f219f72ac30874ee428749c856f4f94a2202f1991588529c2e5321	10334	api/docs/public/specs/platform/tencent-vod/op/post-tencent-vod-v1-template-effect@@locale=en-US&view=d16-v2/index.html	https://doc.openlux.ai/api/docs/public/specs/platform/tencent-vod/op/post-tencent-vod-v1-template-effect?view=d16-v2&locale=en-US
ec3252f506735fe42965c98504fff2d815ea209935ac3ea8da7715dd94c58c65	9869	api/docs/public/specs/platform/tencent-vod/op/post-tencent-vod-v1-template-effect@@locale=zh-CN&view=d16-v2/index.html	https://doc.openlux.ai/api/docs/public/specs/platform/tencent-vod/op/post-tencent-vod-v1-template-effect?view=d16-v2&locale=zh-CN
6324947d45300f6ad510537db8df48b0dd3b656410567566dfbdf46c64f5e52f	687	api/docs/public/specs/platform/tencent-vod/operations@@locale=zh-CN/index.html	https://doc.openlux.ai/api/docs/public/specs/platform/tencent-vod/operations?locale=zh-CN
e5c284b67529942e32ff192404f650e0df89f1c7aa4a690b3beb195202a2a21d	2962	api/docs/public/specs/platform/v1-models/op/get-v1-models-model@@locale=en-US&view=d16-v2/index.html	https://doc.openlux.ai/api/docs/public/specs/platform/v1-models/op/get-v1-models-model?view=d16-v2&locale=en-US
7a3e71aa19d1dc2f59e6393f8f2e82a136606dcac50b52b520ef7465378794a8	2935	api/docs/public/specs/platform/v1-models/op/get-v1-models-model@@locale=zh-CN&view=d16-v2/index.html	https://doc.openlux.ai/api/docs/public/specs/platform/v1-models/op/get-v1-models-model?view=d16-v2&locale=zh-CN
fab95161aa13e52e74bb591f8a679fe3b4ae8113368a9a05adc8a0717c9d0d77	3398	api/docs/public/specs/platform/v1-models/op/get-v1-models@@locale=en-US&view=d16-v2/index.html	https://doc.openlux.ai/api/docs/public/specs/platform/v1-models/op/get-v1-models?view=d16-v2&locale=en-US
cdfc0b282b2db103c3c1b00279306bfe8bfa980e562be16f000ebc1a420d9d10	3346	api/docs/public/specs/platform/v1-models/op/get-v1-models@@locale=zh-CN&view=d16-v2/index.html	https://doc.openlux.ai/api/docs/public/specs/platform/v1-models/op/get-v1-models?view=d16-v2&locale=zh-CN
0d1ed69b0d16749b899f380c99ae97b9d20c090fb05a3d1f0648bed10da98acd	306	api/docs/public/specs/platform/v1-models/operations@@locale=zh-CN/index.html	https://doc.openlux.ai/api/docs/public/specs/platform/v1-models/operations?locale=zh-CN
1d6b9f6d426b7641f7a3e357e5a03b82981eeba3d80d6a83589bede975e08c42	1221	api/docs/public/specs/platform/v1/op/get-v1-models@@locale=en-US&view=d16-v2/index.html	https://doc.openlux.ai/api/docs/public/specs/platform/v1/op/get-v1-models?view=d16-v2&locale=en-US
3eb3f9f2283c2b6b4223be7798c0292440935b637c5cc4102d755b7392d69c0c	1224	api/docs/public/specs/platform/v1/op/get-v1-models@@locale=zh-CN&view=d16-v2/index.html	https://doc.openlux.ai/api/docs/public/specs/platform/v1/op/get-v1-models?view=d16-v2&locale=zh-CN
44e64ae53e54518ede179b6106c92dcb2409d3beed04df7d6b8072917e79aa07	5341	api/docs/public/specs/platform/v1/op/post-v1-audio-speech@@locale=en-US&view=d16-v2/index.html	https://doc.openlux.ai/api/docs/public/specs/platform/v1/op/post-v1-audio-speech?view=d16-v2&locale=en-US
5ca76f1b4d68a2c9c734563bc29c51b4bdb506f31d28380f68fb9acc30735a13	5254	api/docs/public/specs/platform/v1/op/post-v1-audio-speech@@locale=zh-CN&view=d16-v2/index.html	https://doc.openlux.ai/api/docs/public/specs/platform/v1/op/post-v1-audio-speech?view=d16-v2&locale=zh-CN
5d87207244c0a1f065f4c01566201d14c5f9667bdde80495190c82f348d4cd60	4043	api/docs/public/specs/platform/v1/op/post-v1-audio-transcriptions@@locale=en-US&view=d16-v2/index.html	https://doc.openlux.ai/api/docs/public/specs/platform/v1/op/post-v1-audio-transcriptions?view=d16-v2&locale=en-US
8b4baeb8274edbcb5f5b4d8aad4f6fc3125444fa7427d68f68935828e5106ff6	4030	api/docs/public/specs/platform/v1/op/post-v1-audio-transcriptions@@locale=zh-CN&view=d16-v2/index.html	https://doc.openlux.ai/api/docs/public/specs/platform/v1/op/post-v1-audio-transcriptions?view=d16-v2&locale=zh-CN
1ee1910c57be0206a2d1230211f38b7338b4ca3d25d4e7c7dbae0be5c3fccdfe	4151	api/docs/public/specs/platform/v1/op/post-v1-audio-translations@@locale=en-US&view=d16-v2/index.html	https://doc.openlux.ai/api/docs/public/specs/platform/v1/op/post-v1-audio-translations?view=d16-v2&locale=en-US
c49cf221f8b6a4dd9261132eb39cf51e7a3f2e2244fd845c8c8425813c0ab462	4120	api/docs/public/specs/platform/v1/op/post-v1-audio-translations@@locale=zh-CN&view=d16-v2/index.html	https://doc.openlux.ai/api/docs/public/specs/platform/v1/op/post-v1-audio-translations?view=d16-v2&locale=zh-CN
5f913d7d55383323dec8a8cd882bb47d472efadb6bade9a381acf0cead2e5590	44682	api/docs/public/specs/platform/v1/op/post-v1-chat-completions@@locale=en-US&view=d16-v2/index.html	https://doc.openlux.ai/api/docs/public/specs/platform/v1/op/post-v1-chat-completions?view=d16-v2&locale=en-US
9863e479b93c46bdb3fb736a09280b092c06080f8f7737b9c94389a4cecd4f3e	42305	api/docs/public/specs/platform/v1/op/post-v1-chat-completions@@locale=zh-CN&view=d16-v2/index.html	https://doc.openlux.ai/api/docs/public/specs/platform/v1/op/post-v1-chat-completions?view=d16-v2&locale=zh-CN
dcbb4bc9c5d532e6a668018be34362f57902302f33131219b65821da14630147	18398	api/docs/public/specs/platform/v1/op/post-v1-completions@@locale=en-US&view=d16-v2/index.html	https://doc.openlux.ai/api/docs/public/specs/platform/v1/op/post-v1-completions?view=d16-v2&locale=en-US
1a7d49393c0ffc3c0ae8aa4c1d1200b5ee96abfa9e93f18422d90b6e2f43bc79	16899	api/docs/public/specs/platform/v1/op/post-v1-completions@@locale=zh-CN&view=d16-v2/index.html	https://doc.openlux.ai/api/docs/public/specs/platform/v1/op/post-v1-completions?view=d16-v2&locale=zh-CN
728ebc2af6352043c07d9420a5b15546a38b9553d7683f364d4ad5ae3b41e397	5298	api/docs/public/specs/platform/v1/op/post-v1-embeddings@@locale=en-US&view=d16-v2/index.html	https://doc.openlux.ai/api/docs/public/specs/platform/v1/op/post-v1-embeddings?view=d16-v2&locale=en-US
9b468c091604cfa8f7c55089b038b1eb499e6497949afd4d658bbc713f62dd5c	5256	api/docs/public/specs/platform/v1/op/post-v1-embeddings@@locale=zh-CN&view=d16-v2/index.html	https://doc.openlux.ai/api/docs/public/specs/platform/v1/op/post-v1-embeddings?view=d16-v2&locale=zh-CN
03a3311a232732d2c9e1de6a69c1415f77222cc247e8daefd8a933c470d3d4f0	11064	api/docs/public/specs/platform/v1/op/post-v1-images-edits@@locale=en-US&view=d16-v2/index.html	https://doc.openlux.ai/api/docs/public/specs/platform/v1/op/post-v1-images-edits?view=d16-v2&locale=en-US
7c00bd281cf4c9fb6dd6b6e7f27f43dfa257dd7142810b85169eaa70a3ffaf94	10935	api/docs/public/specs/platform/v1/op/post-v1-images-edits@@locale=zh-CN&view=d16-v2/index.html	https://doc.openlux.ai/api/docs/public/specs/platform/v1/op/post-v1-images-edits?view=d16-v2&locale=zh-CN
ef0d393c9c64fc2a1dbfa9a544ff2d726a8e81fec32f176a18a404cc1c759c1e	36974	api/docs/public/specs/platform/v1/op/post-v1-images-generations@@locale=en-US&view=d16-v2/index.html	https://doc.openlux.ai/api/docs/public/specs/platform/v1/op/post-v1-images-generations?view=d16-v2&locale=en-US
9a53b573829fe40b7f557cd548750d572adf3efda85540eb3404428fdbc0584c	37025	api/docs/public/specs/platform/v1/op/post-v1-images-generations@@locale=zh-CN&view=d16-v2/index.html	https://doc.openlux.ai/api/docs/public/specs/platform/v1/op/post-v1-images-generations?view=d16-v2&locale=zh-CN
e480b9b0e1eb46962a7ea982284b4cc8c4277e65c4bc973bd174aebc070976ec	11737	api/docs/public/specs/platform/v1/op/post-v1-rerank@@locale=en-US&view=d16-v2/index.html	https://doc.openlux.ai/api/docs/public/specs/platform/v1/op/post-v1-rerank?view=d16-v2&locale=en-US
4fcb476c4c73859c1fb50e8887e4535f5e8890329c13fa4113d17f4e3d6a43fd	11558	api/docs/public/specs/platform/v1/op/post-v1-rerank@@locale=zh-CN&view=d16-v2/index.html	https://doc.openlux.ai/api/docs/public/specs/platform/v1/op/post-v1-rerank?view=d16-v2&locale=zh-CN
14995805c678f6551dca9b57c4058b8ea02cd045c541b48557bb477c09a3ceff	10622	api/docs/public/specs/platform/v1/op/post-v1-responses-compact@@locale=en-US&view=d16-v2/index.html	https://doc.openlux.ai/api/docs/public/specs/platform/v1/op/post-v1-responses-compact?view=d16-v2&locale=en-US
5ff01ba8f89607b85c79bba79c4dd1e6b7a6528b6b6b32bc4d5e457bb1bb7c7f	10569	api/docs/public/specs/platform/v1/op/post-v1-responses-compact@@locale=zh-CN&view=d16-v2/index.html	https://doc.openlux.ai/api/docs/public/specs/platform/v1/op/post-v1-responses-compact?view=d16-v2&locale=zh-CN
3b11f1204e9ceb58328ac99eb401dac08f5394e378be8cf224ce8699db274b48	21536	api/docs/public/specs/platform/v1/op/post-v1-responses@@locale=en-US&view=d16-v2/index.html	https://doc.openlux.ai/api/docs/public/specs/platform/v1/op/post-v1-responses?view=d16-v2&locale=en-US
0037a5af7257ba33888b50843ff41828ed4003219d1a11917967a9efb49ce1e4	21369	api/docs/public/specs/platform/v1/op/post-v1-responses@@locale=zh-CN&view=d16-v2/index.html	https://doc.openlux.ai/api/docs/public/specs/platform/v1/op/post-v1-responses?view=d16-v2&locale=zh-CN
3844a42529e08fb15ce1cf56ff47e23f92fd8d552514cbdd032855768872bd7a	1767	api/docs/public/specs/platform/v1/operations@@locale=zh-CN/index.html	https://doc.openlux.ai/api/docs/public/specs/platform/v1/operations?locale=zh-CN
a98b535d3ff164ac7f06c2ee7970fab00183c27be62eba60686c0e14e7f5c97d	4304	api/docs/public/specs/platform/veo/op/get-v1-video-query@@locale=en-US&view=d16-v2/index.html	https://doc.openlux.ai/api/docs/public/specs/platform/veo/op/get-v1-video-query?view=d16-v2&locale=en-US
ebed9e0e1ffa8f7dae5704a70232d845d1b66a1c406bdb6d3862aa12a9a6f6c8	4308	api/docs/public/specs/platform/veo/op/get-v1-video-query@@locale=zh-CN&view=d16-v2/index.html	https://doc.openlux.ai/api/docs/public/specs/platform/veo/op/get-v1-video-query?view=d16-v2&locale=zh-CN
b11f3469b7e2802ce25e7a4f7175cb402c7b4b532d4d8389df6b86c80a38a834	7869	api/docs/public/specs/platform/veo/op/post-v1-video-create@@locale=en-US&view=d16-v2/index.html	https://doc.openlux.ai/api/docs/public/specs/platform/veo/op/post-v1-video-create?view=d16-v2&locale=en-US
d82558380738f8e3020db6d3ab05eb1893d8bfe64ad93dedb7815627ef7d55a7	7866	api/docs/public/specs/platform/veo/op/post-v1-video-create@@locale=zh-CN&view=d16-v2/index.html	https://doc.openlux.ai/api/docs/public/specs/platform/veo/op/post-v1-video-create?view=d16-v2&locale=zh-CN
1bba77bdea190863be37d171ce42de0aea8484af6376295faa511cdc6c7bb36a	6345	api/docs/public/specs/platform/veo/op/post-v1-video-extend@@locale=en-US&view=d16-v2/index.html	https://doc.openlux.ai/api/docs/public/specs/platform/veo/op/post-v1-video-extend?view=d16-v2&locale=en-US
149e49c8989b43a7591771748df36aa632b83ebb43558d4ef1c345a9520528c4	6323	api/docs/public/specs/platform/veo/op/post-v1-video-extend@@locale=zh-CN&view=d16-v2/index.html	https://doc.openlux.ai/api/docs/public/specs/platform/veo/op/post-v1-video-extend?view=d16-v2&locale=zh-CN
55d920c839e11c206ecdf3808ef710eb669099beeafc19d810f52c576ef65816	7477	api/docs/public/specs/platform/veo/op/post-v1-video-generations@@locale=en-US&view=d16-v2/index.html	https://doc.openlux.ai/api/docs/public/specs/platform/veo/op/post-v1-video-generations?view=d16-v2&locale=en-US
4ea3792a0eeb1320eccc625c629f0e48df4e3a7eba7148657dcee78fb4e8d7fa	7436	api/docs/public/specs/platform/veo/op/post-v1-video-generations@@locale=zh-CN&view=d16-v2/index.html	https://doc.openlux.ai/api/docs/public/specs/platform/veo/op/post-v1-video-generations?view=d16-v2&locale=zh-CN
afa63f128bf7b822815fba49c347fb08492d4a8bb83f057ce275518a228d5962	2686	api/docs/public/specs/platform/veo/op/post-v1beta-models-veo-3-1-fast-generate-preview-predictlongrunning@@locale=en-US&view=d16-v2/index.html	https://doc.openlux.ai/api/docs/public/specs/platform/veo/op/post-v1beta-models-veo-3-1-fast-generate-preview-predictlongrunning?view=d16-v2&locale=en-US
46f52f621ab9fe50395d3477aa9d3fd4d2368f1c78667e766cb72c122362bc63	2666	api/docs/public/specs/platform/veo/op/post-v1beta-models-veo-3-1-fast-generate-preview-predictlongrunning@@locale=zh-CN&view=d16-v2/index.html	https://doc.openlux.ai/api/docs/public/specs/platform/veo/op/post-v1beta-models-veo-3-1-fast-generate-preview-predictlongrunning?view=d16-v2&locale=zh-CN
8b5a2f60288262acb90ca6135e9b444d98e7f20b63f1ea0626154fac48c571e7	916	api/docs/public/specs/platform/veo/operations@@locale=zh-CN/index.html	https://doc.openlux.ai/api/docs/public/specs/platform/veo/operations?locale=zh-CN
f735b605a3f4dd5a762270ce7693890b3dd5e86dc34fc7d0c30dfff689937282	2430	api/docs/public/specs/platform/vidu/op/get-ent-v2-tasks-id-creations@@locale=en-US&view=d16-v2/index.html	https://doc.openlux.ai/api/docs/public/specs/platform/vidu/op/get-ent-v2-tasks-id-creations?view=d16-v2&locale=en-US
343d1cef63cac2a394b8c665ccdd2ed42ced25b5e48515678e207f97e45638be	2421	api/docs/public/specs/platform/vidu/op/get-ent-v2-tasks-id-creations@@locale=zh-CN&view=d16-v2/index.html	https://doc.openlux.ai/api/docs/public/specs/platform/vidu/op/get-ent-v2-tasks-id-creations?view=d16-v2&locale=zh-CN
f1f03fa442b10630eecbe608ad2dc4326d34ba1cf66a14e074e91d00e5e95ea4	8113	api/docs/public/specs/platform/vidu/op/get-vidu-native-video-generations-task-id@@locale=en-US&view=d16-v2/index.html	https://doc.openlux.ai/api/docs/public/specs/platform/vidu/op/get-vidu-native-video-generations-task-id?view=d16-v2&locale=en-US
74bf7248a3a5b97f51a8d3b1cf87ffaf32d133c1361bec1dfc1566ea4f989734	8176	api/docs/public/specs/platform/vidu/op/get-vidu-native-video-generations-task-id@@locale=zh-CN&view=d16-v2/index.html	https://doc.openlux.ai/api/docs/public/specs/platform/vidu/op/get-vidu-native-video-generations-task-id?view=d16-v2&locale=zh-CN
5f81afebdfa75bbaa4b8429b650edc96fdddc566056c4bb0c124f5d1018766cb	4057	api/docs/public/specs/platform/vidu/op/post-ent-v2-audio-tts@@locale=en-US&view=d16-v2/index.html	https://doc.openlux.ai/api/docs/public/specs/platform/vidu/op/post-ent-v2-audio-tts?view=d16-v2&locale=en-US
baf4c6de4520b58f14ca405d22694c5370a10444c5f8e2b0138f7fe9467e75d9	4035	api/docs/public/specs/platform/vidu/op/post-ent-v2-audio-tts@@locale=zh-CN&view=d16-v2/index.html	https://doc.openlux.ai/api/docs/public/specs/platform/vidu/op/post-ent-v2-audio-tts?view=d16-v2&locale=zh-CN
2d24bda27938f1eec5710cbbdb3e5868f58166a601b918d9242b0411f0905c17	5579	api/docs/public/specs/platform/vidu/op/post-ent-v2-img2video@@locale=en-US&view=d16-v2/index.html	https://doc.openlux.ai/api/docs/public/specs/platform/vidu/op/post-ent-v2-img2video?view=d16-v2&locale=en-US
526a7baba705b100820959ffea4aebdfe62c827dfe103c56cee8491adb96f292	5509	api/docs/public/specs/platform/vidu/op/post-ent-v2-img2video@@locale=zh-CN&view=d16-v2/index.html	https://doc.openlux.ai/api/docs/public/specs/platform/vidu/op/post-ent-v2-img2video?view=d16-v2&locale=zh-CN
a5550d00c6c1570424015332f5f0fa721080835d4de70f47f5be1f7ae89d24dc	4292	api/docs/public/specs/platform/vidu/op/post-ent-v2-reference2image@@locale=en-US&view=d16-v2/index.html	https://doc.openlux.ai/api/docs/public/specs/platform/vidu/op/post-ent-v2-reference2image?view=d16-v2&locale=en-US
db9daf2b179904153125528f8ae6ad683e9bd3c128c2992c8792f5ce48ede124	4250	api/docs/public/specs/platform/vidu/op/post-ent-v2-reference2image@@locale=zh-CN&view=d16-v2/index.html	https://doc.openlux.ai/api/docs/public/specs/platform/vidu/op/post-ent-v2-reference2image?view=d16-v2&locale=zh-CN
761382ba93d9fac88b0290b1b84a09e757cc6e16cbf022984a645dd7c1bb3518	5554	api/docs/public/specs/platform/vidu/op/post-ent-v2-reference2video@@locale=en-US&view=d16-v2/index.html	https://doc.openlux.ai/api/docs/public/specs/platform/vidu/op/post-ent-v2-reference2video?view=d16-v2&locale=en-US
3c443a8f5e2935425ea10f88415a3e062a5746226a0a1ab6f9309f846b9c1a92	5442	api/docs/public/specs/platform/vidu/op/post-ent-v2-reference2video@@locale=zh-CN&view=d16-v2/index.html	https://doc.openlux.ai/api/docs/public/specs/platform/vidu/op/post-ent-v2-reference2video?view=d16-v2&locale=zh-CN
86f5723c46504c98f4dfd4af25eb55af4bb4ad829908fafb776db67a55a0b1d9	4896	api/docs/public/specs/platform/vidu/op/post-ent-v2-start-end2video@@locale=en-US&view=d16-v2/index.html	https://doc.openlux.ai/api/docs/public/specs/platform/vidu/op/post-ent-v2-start-end2video?view=d16-v2&locale=en-US
5f73b9de36e9ff3727e35c7d2d49be77f95525c9d9a4e35dd19ef706ff3803c8	4813	api/docs/public/specs/platform/vidu/op/post-ent-v2-start-end2video@@locale=zh-CN&view=d16-v2/index.html	https://doc.openlux.ai/api/docs/public/specs/platform/vidu/op/post-ent-v2-start-end2video?view=d16-v2&locale=zh-CN
a3b96a60293520ab964ec16373289f82e8711331e1d8fd900990298e957d2bc1	3813	api/docs/public/specs/platform/vidu/op/post-ent-v2-text2audio@@locale=en-US&view=d16-v2/index.html	https://doc.openlux.ai/api/docs/public/specs/platform/vidu/op/post-ent-v2-text2audio?view=d16-v2&locale=en-US
e42474b15d1d8a7c1d001badbdafd70bbd6172a33ac538d7e1bba7a171d279da	3810	api/docs/public/specs/platform/vidu/op/post-ent-v2-text2audio@@locale=zh-CN&view=d16-v2/index.html	https://doc.openlux.ai/api/docs/public/specs/platform/vidu/op/post-ent-v2-text2audio?view=d16-v2&locale=zh-CN
4f78c9e38154885bbb7fa2ef00fcc6af4ab2d13f553dd0823ca7799b69bb97ef	5475	api/docs/public/specs/platform/vidu/op/post-ent-v2-text2video@@locale=en-US&view=d16-v2/index.html	https://doc.openlux.ai/api/docs/public/specs/platform/vidu/op/post-ent-v2-text2video?view=d16-v2&locale=en-US
a891baadcb77ebe5b9dac9ee05fe04b93159a08f004b9110bce4cb67869f8a55	5411	api/docs/public/specs/platform/vidu/op/post-ent-v2-text2video@@locale=zh-CN&view=d16-v2/index.html	https://doc.openlux.ai/api/docs/public/specs/platform/vidu/op/post-ent-v2-text2video?view=d16-v2&locale=zh-CN
26f93706d61823c899ab985b7dbf8090be005ceadd1e0636757ee4775c7bd335	6433	api/docs/public/specs/platform/vidu/op/post-vidu-native-video-generations@@locale=en-US&view=d16-v2/index.html	https://doc.openlux.ai/api/docs/public/specs/platform/vidu/op/post-vidu-native-video-generations?view=d16-v2&locale=en-US
f84fa17365d6700f8c20c8a72c9e61dba9eb980e56e67f550ab24659f52c3f0f	6558	api/docs/public/specs/platform/vidu/op/post-vidu-native-video-generations@@locale=zh-CN&view=d16-v2/index.html	https://doc.openlux.ai/api/docs/public/specs/platform/vidu/op/post-vidu-native-video-generations?view=d16-v2&locale=zh-CN
47437326f82008c51c0cb15c82af8c4ed35c7167098b8644a6655d07613ce40b	1487	api/docs/public/specs/platform/vidu/operations@@locale=zh-CN/index.html	https://doc.openlux.ai/api/docs/public/specs/platform/vidu/operations?locale=zh-CN
108dff8ab651b8f0976c13efa2546805d17f05613f2bc9f79e11dc43413bdf9d	2487	api/docs/public/specs/platform/volc/op/delete-volc-v1-contents-generations-tasks-task-id@@locale=en-US&view=d16-v2/index.html	https://doc.openlux.ai/api/docs/public/specs/platform/volc/op/delete-volc-v1-contents-generations-tasks-task-id?view=d16-v2&locale=en-US
0e766d1bb5c44bb07dcfc4e71688f3d61be459421fe97afe456981e7b64843ff	2463	api/docs/public/specs/platform/volc/op/delete-volc-v1-contents-generations-tasks-task-id@@locale=zh-CN&view=d16-v2/index.html	https://doc.openlux.ai/api/docs/public/specs/platform/volc/op/delete-volc-v1-contents-generations-tasks-task-id?view=d16-v2&locale=zh-CN
04a8dafaeca3ebd89c3a02e2aad48814295aba121b4f2181ceec2c5916dbf1f8	9117	api/docs/public/specs/platform/volc/op/get-api-v3-contents-generations-tasks-id@@locale=en-US&view=d16-v2/index.html	https://doc.openlux.ai/api/docs/public/specs/platform/volc/op/get-api-v3-contents-generations-tasks-id?view=d16-v2&locale=en-US
d3ca7b3cce39174b9c716946e993039a5bd3aa4effe64784c1b85d2a911ec502	8973	api/docs/public/specs/platform/volc/op/get-api-v3-contents-generations-tasks-id@@locale=zh-CN&view=d16-v2/index.html	https://doc.openlux.ai/api/docs/public/specs/platform/volc/op/get-api-v3-contents-generations-tasks-id?view=d16-v2&locale=zh-CN
c7f40d9b18ab261825bbf3f62e5a05de40645645714490c7dce42cd419b5ea14	2596	api/docs/public/specs/platform/volc/op/get-api-v3-contents-generations-tasks@@locale=en-US&view=d16-v2/index.html	https://doc.openlux.ai/api/docs/public/specs/platform/volc/op/get-api-v3-contents-generations-tasks?view=d16-v2&locale=en-US
7711c926e1e99e9c625b8c07f75c4a6402ff009fdf1958ba9710d214cee5b285	2578	api/docs/public/specs/platform/volc/op/get-api-v3-contents-generations-tasks@@locale=zh-CN&view=d16-v2/index.html	https://doc.openlux.ai/api/docs/public/specs/platform/volc/op/get-api-v3-contents-generations-tasks?view=d16-v2&locale=zh-CN
7f7b9463e25467297d51fe14e674fdcba53ffedba738ce5e7d6a645c4851263f	2497	api/docs/public/specs/platform/volc/op/get-volc-v1-contents-generations-tasks-task-id@@locale=en-US&view=d16-v2/index.html	https://doc.openlux.ai/api/docs/public/specs/platform/volc/op/get-volc-v1-contents-generations-tasks-task-id?view=d16-v2&locale=en-US
05f822ce06218c5165eaf12ebd32fc9edb64a8c86e007558175ead101880cf0f	2487	api/docs/public/specs/platform/volc/op/get-volc-v1-contents-generations-tasks-task-id@@locale=zh-CN&view=d16-v2/index.html	https://doc.openlux.ai/api/docs/public/specs/platform/volc/op/get-volc-v1-contents-generations-tasks-task-id?view=d16-v2&locale=zh-CN
00550d033a8da48fac21c626df89f901ec3f8bbee3649966db9827b544bec0e9	2427	api/docs/public/specs/platform/volc/op/get-volc-v1-contents-generations-tasks@@locale=en-US&view=d16-v2/index.html	https://doc.openlux.ai/api/docs/public/specs/platform/volc/op/get-volc-v1-contents-generations-tasks?view=d16-v2&locale=en-US
eec98b21e7c7546201eca8bd24d9114161c281d913c2eeef9b5bf2c21a0d39b4	2415	api/docs/public/specs/platform/volc/op/get-volc-v1-contents-generations-tasks@@locale=zh-CN&view=d16-v2/index.html	https://doc.openlux.ai/api/docs/public/specs/platform/volc/op/get-volc-v1-contents-generations-tasks?view=d16-v2&locale=zh-CN
958beaea6d9bf98cb84784e6b7c94b7899b7591dc9c7f6c2eebcaf1cdbb9c2dc	13028	api/docs/public/specs/platform/volc/op/post-api-v3-contents-generations-tasks@@locale=en-US&view=d16-v2/index.html	https://doc.openlux.ai/api/docs/public/specs/platform/volc/op/post-api-v3-contents-generations-tasks?view=d16-v2&locale=en-US
8ba707a7d23b09bb202b7cfc931352574fc60ed4f2f6344b0cdd41a8c0df5cc2	12970	api/docs/public/specs/platform/volc/op/post-api-v3-contents-generations-tasks@@locale=zh-CN&view=d16-v2/index.html	https://doc.openlux.ai/api/docs/public/specs/platform/volc/op/post-api-v3-contents-generations-tasks?view=d16-v2&locale=zh-CN
440671c3d829b03949928aab71e7c02a4738534b54cd5346f493c659f3071644	7179	api/docs/public/specs/platform/volc/op/post-api-v3-images-generations@@locale=en-US&view=d16-v2/index.html	https://doc.openlux.ai/api/docs/public/specs/platform/volc/op/post-api-v3-images-generations?view=d16-v2&locale=en-US
36beb284929d36c2701c7b6ed4b167e408507d2c6044297f07738ba6abd3d823	7216	api/docs/public/specs/platform/volc/op/post-api-v3-images-generations@@locale=zh-CN&view=d16-v2/index.html	https://doc.openlux.ai/api/docs/public/specs/platform/volc/op/post-api-v3-images-generations?view=d16-v2&locale=zh-CN
7cdaf3aa646d168b786867971be439d0088788192f461d1ca9b120b7784aee6b	8873	api/docs/public/specs/platform/volc/op/post-volc-v1-contents-generations-tasks@@locale=en-US&view=d16-v2/index.html	https://doc.openlux.ai/api/docs/public/specs/platform/volc/op/post-volc-v1-contents-generations-tasks?view=d16-v2&locale=en-US
4bf53380339690ef4583c6e71fae8a9820efe0dfac7c2e2f20d831948cf7205d	8802	api/docs/public/specs/platform/volc/op/post-volc-v1-contents-generations-tasks@@locale=zh-CN&view=d16-v2/index.html	https://doc.openlux.ai/api/docs/public/specs/platform/volc/op/post-volc-v1-contents-generations-tasks?view=d16-v2&locale=zh-CN
c116d2146f4e98eeef7c82d122ac6268048c630050c88cd1cf1af8d2b636020a	1586	api/docs/public/specs/platform/volc/operations@@locale=zh-CN/index.html	https://doc.openlux.ai/api/docs/public/specs/platform/volc/operations?locale=zh-CN
005c436cbb05218858153576bacd0591ef664f00ac4793aa548831bd87130903	1534	api/docs/public/tutorials/00-intro@@locale=en-US/index.html	https://doc.openlux.ai/api/docs/public/tutorials/00-intro?locale=en-US
c6fb77585b054eb800b5527a949a4b0c2466f35994df773f19f546bec30cf035	1608	api/docs/public/tutorials/00-intro@@locale=zh-CN/index.html	https://doc.openlux.ai/api/docs/public/tutorials/00-intro?locale=zh-CN
8bc100d0fec188f2504124dd2c5df89ea9764a1e902f1ede9c5fdd07fc754634	2150	api/docs/public/tutorials/ai-thinking-fields@@locale=en-US/index.html	https://doc.openlux.ai/api/docs/public/tutorials/ai-thinking-fields?locale=en-US
eb3d9adcbde0618ed77731b81d096da0b46d1085981c81ccc4162e17d02380ca	2224	api/docs/public/tutorials/ai-thinking-fields@@locale=zh-CN/index.html	https://doc.openlux.ai/api/docs/public/tutorials/ai-thinking-fields?locale=zh-CN
598ac273d97a81a24240dbf3b38c532afbc1d34ee07f13d2afa4b26045702ebf	5980	api/docs/public/tutorials/async-task-general@@locale=en-US/index.html	https://doc.openlux.ai/api/docs/public/tutorials/async-task-general?locale=en-US
decda12662b3000830d0701a6c1a49c32d87286c25db102500247584230db541	5811	api/docs/public/tutorials/async-task-general@@locale=zh-CN/index.html	https://doc.openlux.ai/api/docs/public/tutorials/async-task-general?locale=zh-CN
44d742a7e4dbe3c90b1172cc6313dae75203e03f3239c847049a89448fe00705	2130	api/docs/public/tutorials/http-status-codes@@locale=en-US/index.html	https://doc.openlux.ai/api/docs/public/tutorials/http-status-codes?locale=en-US
528b3c7d39dc8338daf7a57399d5d676e46a4d499edf12630540400f702b7492	2274	api/docs/public/tutorials/http-status-codes@@locale=zh-CN/index.html	https://doc.openlux.ai/api/docs/public/tutorials/http-status-codes?locale=zh-CN
ac211e3ebb353da29856578dc33425f86ccb9cc7b07fffc260bf616d5fb59ec3	2215	api/docs/public/tutorials/image-host@@locale=en-US/index.html	https://doc.openlux.ai/api/docs/public/tutorials/image-host?locale=en-US
ed2076c8dc8b826820152f4f31525b45127e93ace2bf01c9a5b83ad14c23d235	2274	api/docs/public/tutorials/image-host@@locale=zh-CN/index.html	https://doc.openlux.ai/api/docs/public/tutorials/image-host?locale=zh-CN
a2482f852184615e9059b1eff0006901e0a1c9d5b6c395043fec049ba65e1702	926	api/docs/public/tutorials/nodejs-5459042@@locale=en-US/index.html	https://doc.openlux.ai/api/docs/public/tutorials/nodejs-5459042?locale=en-US
a6253e67eb01a6b218c27504c23d001300a66643a1eabfa04592ee9d104dbe97	996	api/docs/public/tutorials/nodejs-5459042@@locale=zh-CN/index.html	https://doc.openlux.ai/api/docs/public/tutorials/nodejs-5459042?locale=zh-CN
fca112327578cbf4636aa153cfbd6ecd5062e953deb1ca4cf76f889c89afab92	3502	api/docs/public/tutorials/php-6786581@@locale=en-US/index.html	https://doc.openlux.ai/api/docs/public/tutorials/php-6786581?locale=en-US
5e2e94db2b97c445aec2621e020ebf23bdc41d35737b0fae212369b68df570fa	3717	api/docs/public/tutorials/php-6786581@@locale=zh-CN/index.html	https://doc.openlux.ai/api/docs/public/tutorials/php-6786581?locale=zh-CN
963049286ab44641b1804309589d2ad23e7988d6ff6278a32195e89d6dd99a5a	522	api/docs/public/tutorials/plugins-5459055@@locale=en-US/index.html	https://doc.openlux.ai/api/docs/public/tutorials/plugins-5459055?locale=en-US
f793cdfd89d52dfcb7c00281ead99a9a9a6cf762b0ea35b8489a80e9573c5c00	565	api/docs/public/tutorials/plugins-5459055@@locale=zh-CN/index.html	https://doc.openlux.ai/api/docs/public/tutorials/plugins-5459055?locale=zh-CN
1fadef13018844142dd1c39b3d431b79e04b3ee40e725c01c4a3ba59060abfde	1504	api/docs/public/tutorials/plugins-5459056@@locale=en-US/index.html	https://doc.openlux.ai/api/docs/public/tutorials/plugins-5459056?locale=en-US
0b97e15214c0a0ab0205db1cd6428f163069a0e85be4bc3585722cc98249b831	18620	api/docs/public/tutorials/plugins-5459056@@locale=zh-CN/index.html	https://doc.openlux.ai/api/docs/public/tutorials/plugins-5459056?locale=zh-CN
3d7624f209b7ba7d89ed24d1c311008d125b9d379cffb12fd77193e32d084e4f	578	api/docs/public/tutorials/plugins-5459057@@locale=en-US/index.html	https://doc.openlux.ai/api/docs/public/tutorials/plugins-5459057?locale=en-US
b9c320c2f61dcaacda0cde4ee0a7b6ff61dad93c9fcc2b867358d236e4e856c7	593	api/docs/public/tutorials/plugins-5459057@@locale=zh-CN/index.html	https://doc.openlux.ai/api/docs/public/tutorials/plugins-5459057?locale=zh-CN
9666e015d3c16ba899de7db236b7b4ed8a14db70d2f10d2da6073aada2ffac5f	411	api/docs/public/tutorials/plugins-5459059@@locale=en-US/index.html	https://doc.openlux.ai/api/docs/public/tutorials/plugins-5459059?locale=en-US
a9597a92fe0aa47eb4a28ccce4b8c8e751128586d5df04c847811ead3692bdcd	434	api/docs/public/tutorials/plugins-5459059@@locale=zh-CN/index.html	https://doc.openlux.ai/api/docs/public/tutorials/plugins-5459059?locale=zh-CN
d2c49995d315c03b31fced1c502d5b2f12098de33ff817c2544189f186ab529b	383	api/docs/public/tutorials/plugins-5459060@@locale=en-US/index.html	https://doc.openlux.ai/api/docs/public/tutorials/plugins-5459060?locale=en-US
1374cd1a101b77a7d6aa5d38aa45feec589634620b72a6387cd193f24fbe2536	409	api/docs/public/tutorials/plugins-5459060@@locale=zh-CN/index.html	https://doc.openlux.ai/api/docs/public/tutorials/plugins-5459060?locale=zh-CN
6cdaf78cb7e3a767c6aa4f2737eaeef601fb60aae24f959baff1cf6a4e62b05b	365	api/docs/public/tutorials/plugins-5459061@@locale=en-US/index.html	https://doc.openlux.ai/api/docs/public/tutorials/plugins-5459061?locale=en-US
fd362cb6c64d9c59365e5a6df3cdc4eb7d74febc9d8bf0ec2910e50805667328	377	api/docs/public/tutorials/plugins-5459061@@locale=zh-CN/index.html	https://doc.openlux.ai/api/docs/public/tutorials/plugins-5459061?locale=zh-CN
4a2228e19f5bcfc6bbbc7f65c193ecf5cbef0826dd4652dadd1bcdb096b749d8	412	api/docs/public/tutorials/plugins-5459062@@locale=en-US/index.html	https://doc.openlux.ai/api/docs/public/tutorials/plugins-5459062?locale=en-US
0919aa60c1f5fd02574b6d63e8ec8d57b85441a0069a4ebcc1a48f71485cb124	434	api/docs/public/tutorials/plugins-5459062@@locale=zh-CN/index.html	https://doc.openlux.ai/api/docs/public/tutorials/plugins-5459062?locale=zh-CN
864cacb288bc540d739f7ccd8580eb8680ca1cf3ae0d6b2c75bca601e84cee70	567	api/docs/public/tutorials/plugins-5459063@@locale=en-US/index.html	https://doc.openlux.ai/api/docs/public/tutorials/plugins-5459063?locale=en-US
53bea1e9d7fba2bfdf24fd1d600720cb4467579724e370162c23fff769e54a9e	574	api/docs/public/tutorials/plugins-5459063@@locale=zh-CN/index.html	https://doc.openlux.ai/api/docs/public/tutorials/plugins-5459063?locale=zh-CN
0281e4fbaa9176a59891392b4d91a1d752aabcc7da663c9b698bc6cc286a9a56	510	api/docs/public/tutorials/plugins-5459064@@locale=en-US/index.html	https://doc.openlux.ai/api/docs/public/tutorials/plugins-5459064?locale=en-US
0c29e89094be5f72a56df83a8d39c2d17ad624b7a59cbe3b82f22365da81b064	531	api/docs/public/tutorials/plugins-5459064@@locale=zh-CN/index.html	https://doc.openlux.ai/api/docs/public/tutorials/plugins-5459064?locale=zh-CN
2d7b7fe9eb1dc9b4d6290eb7d23d1b94d45f4bd9ca6733ca0d52c26c90d34099	554	api/docs/public/tutorials/plugins-5459066@@locale=en-US/index.html	https://doc.openlux.ai/api/docs/public/tutorials/plugins-5459066?locale=en-US
33865a678c0d8bace37f5f82f237a06308b0a2bc0653326eba344e69055bad04	556	api/docs/public/tutorials/plugins-5459066@@locale=zh-CN/index.html	https://doc.openlux.ai/api/docs/public/tutorials/plugins-5459066?locale=zh-CN
67ce684c11e85f43bdba9e38dbd9e894cc565bcc48df69b5a2b9d93e0dfe5fc3	600	api/docs/public/tutorials/plugins-5459067@@locale=en-US/index.html	https://doc.openlux.ai/api/docs/public/tutorials/plugins-5459067?locale=en-US
bbb693bb77cc6d8d8e9a248559e702637f7784ec3f724333a942fcc37a082f51	611	api/docs/public/tutorials/plugins-5459067@@locale=zh-CN/index.html	https://doc.openlux.ai/api/docs/public/tutorials/plugins-5459067?locale=zh-CN
62ded43b108d6ba5630baa939f206482c8e77d9965fcb77b8601e23c0d0093e6	509	api/docs/public/tutorials/plugins-5459068@@locale=en-US/index.html	https://doc.openlux.ai/api/docs/public/tutorials/plugins-5459068?locale=en-US
3e14e8aab102d4751c9f8b6e142993f516f6ddf1936d3bf86af5049bf8221107	531	api/docs/public/tutorials/plugins-5459068@@locale=zh-CN/index.html	https://doc.openlux.ai/api/docs/public/tutorials/plugins-5459068?locale=zh-CN
1fe345482770b15600bcbddb246465f461ae7d6d839546eab8dc6c28ee489e4a	866	api/docs/public/tutorials/plugins-5900725@@locale=en-US/index.html	https://doc.openlux.ai/api/docs/public/tutorials/plugins-5900725?locale=en-US
01aab0d83c17ac07fd7324cd5c9e39128ea53fe2573660550ac5b4628b6daae8	875	api/docs/public/tutorials/plugins-5900725@@locale=zh-CN/index.html	https://doc.openlux.ai/api/docs/public/tutorials/plugins-5900725?locale=zh-CN
e527fab7a287bb93124f87d9c1f0c30ed5eec9a40d9197d2613d94cc2edec20b	618	api/docs/public/tutorials/plugins-5901956@@locale=en-US/index.html	https://doc.openlux.ai/api/docs/public/tutorials/plugins-5901956?locale=en-US
6acd057756700dd154654c79bc4a83080837ef44af7cd05dd659ee8c28d500c6	616	api/docs/public/tutorials/plugins-5901956@@locale=zh-CN/index.html	https://doc.openlux.ai/api/docs/public/tutorials/plugins-5901956?locale=zh-CN
47f576cc88937758089c3340d0a8ba53c30adbcf14263b9631790011774682a9	766	api/docs/public/tutorials/plugins-5987397@@locale=en-US/index.html	https://doc.openlux.ai/api/docs/public/tutorials/plugins-5987397?locale=en-US
a236ac5e5ce82ebb98bc92836dd6da10c2dffcf306cccf4a7deb35e529bedca0	778	api/docs/public/tutorials/plugins-5987397@@locale=zh-CN/index.html	https://doc.openlux.ai/api/docs/public/tutorials/plugins-5987397?locale=zh-CN
d23ec4084e3358869680a3c6348a743a7cd1a50441abe0b3caaacbf0739435db	1208	api/docs/public/tutorials/plugins-6458685@@locale=en-US/index.html	https://doc.openlux.ai/api/docs/public/tutorials/plugins-6458685?locale=en-US
d265f8ad9a971043a51e205943a9ad803710f3c1f9a691288e846038dcd5c1bf	1201	api/docs/public/tutorials/plugins-6458685@@locale=zh-CN/index.html	https://doc.openlux.ai/api/docs/public/tutorials/plugins-6458685?locale=zh-CN
a08b1a830f889b210af1f07b14497d901608da61c26aac398cfdb758193e6902	760	api/docs/public/tutorials/plugins-6874585@@locale=en-US/index.html	https://doc.openlux.ai/api/docs/public/tutorials/plugins-6874585?locale=en-US
a6939aa1dcc9d494f8756d75cfb2b910ada99c78cf06ed2cd68124850e564d55	752	api/docs/public/tutorials/plugins-6874585@@locale=zh-CN/index.html	https://doc.openlux.ai/api/docs/public/tutorials/plugins-6874585?locale=zh-CN
1caca1e7e5c01ccec59a40f8410b10456c6c042c09c9c4d2515a1866b0514ba0	5598	api/docs/public/tutorials/plugins-7010249@@locale=en-US/index.html	https://doc.openlux.ai/api/docs/public/tutorials/plugins-7010249?locale=en-US
28741ab73a151cf678ef015b333fcb8315d59c5018faf3184d674d5043a0b286	7172	api/docs/public/tutorials/plugins-7010249@@locale=zh-CN/index.html	https://doc.openlux.ai/api/docs/public/tutorials/plugins-7010249?locale=zh-CN
4b76ba787f373af5bb05435ed5f6f3c4555728a358e6a8375bed75a9cd8db03b	5451	api/docs/public/tutorials/plugins-7146919@@locale=en-US/index.html	https://doc.openlux.ai/api/docs/public/tutorials/plugins-7146919?locale=en-US
e6ce5d0488dba56322107e709a274baa8ddd5cce0906c2043b9e2c9f85703599	7152	api/docs/public/tutorials/plugins-7146919@@locale=zh-CN/index.html	https://doc.openlux.ai/api/docs/public/tutorials/plugins-7146919?locale=zh-CN
0919918787f40dc7229731c0984ad69ee9d94728a021efb25c22dcab90338057	1520	api/docs/public/tutorials/plugins-7248718@@locale=en-US/index.html	https://doc.openlux.ai/api/docs/public/tutorials/plugins-7248718?locale=en-US
7d72e5678743f98074c84548f3c032a0521391544f875b621a251604888d1ecb	1549	api/docs/public/tutorials/plugins-7248718@@locale=zh-CN/index.html	https://doc.openlux.ai/api/docs/public/tutorials/plugins-7248718?locale=zh-CN
c7722f7ec0562346764282df46d5ab2fc692071a882622ecb42e4c402e322b3b	7235	api/docs/public/tutorials/plugins-7422014@@locale=en-US/index.html	https://doc.openlux.ai/api/docs/public/tutorials/plugins-7422014?locale=en-US
970e9eb4ea1f6f4e733341b58c3a1f33995ac472afd06663e13b6a478f3887bb	10204	api/docs/public/tutorials/plugins-7422014@@locale=zh-CN/index.html	https://doc.openlux.ai/api/docs/public/tutorials/plugins-7422014?locale=zh-CN
66c1e56ceae35e7cbfbe3f6b9375c4138890ae273f574e57cd439cbc137cdc3d	954	api/docs/public/tutorials/plugins-7467073@@locale=en-US/index.html	https://doc.openlux.ai/api/docs/public/tutorials/plugins-7467073?locale=en-US
34cd764b7f22c42c2d4fc3554d1d2eee9fac26168f928a1c0ba38d1ed7e61dc8	1005	api/docs/public/tutorials/plugins-7467073@@locale=zh-CN/index.html	https://doc.openlux.ai/api/docs/public/tutorials/plugins-7467073?locale=zh-CN
60951f03cb014eb578355e85d6b6b053c5eb37114ccdbd462cdb15b32b7e2c05	1164	api/docs/public/tutorials/plugins-7540676@@locale=en-US/index.html	https://doc.openlux.ai/api/docs/public/tutorials/plugins-7540676?locale=en-US
b15faf27ca7bbefb1ab8195d37b596939069b7b9b6ce71a52b8d5c389897a902	1174	api/docs/public/tutorials/plugins-7540676@@locale=zh-CN/index.html	https://doc.openlux.ai/api/docs/public/tutorials/plugins-7540676?locale=zh-CN
0add65e15cb3f685ff4fcf5f18cb8b591aa2f65cbd4d41dbf0219f6efb352fff	731	api/docs/public/tutorials/plugins-7865129@@locale=en-US/index.html	https://doc.openlux.ai/api/docs/public/tutorials/plugins-7865129?locale=en-US
a456a547f929f0557900b4acf9134a35fb63a9c0e0af29eee7fa1f7874a1070c	737	api/docs/public/tutorials/plugins-7865129@@locale=zh-CN/index.html	https://doc.openlux.ai/api/docs/public/tutorials/plugins-7865129?locale=zh-CN
acf58f3efe6e48ec8d1673ed4c9a7a4b770eb78dd8b9575ac21134bf893dc2e2	2215	api/docs/public/tutorials/plugins-7906925@@locale=en-US/index.html	https://doc.openlux.ai/api/docs/public/tutorials/plugins-7906925?locale=en-US
57cf5a6e1dcfe752755cf62ccc49979c14b4221957edce6e8ff4a874df8340cd	2615	api/docs/public/tutorials/plugins-7906925@@locale=zh-CN/index.html	https://doc.openlux.ai/api/docs/public/tutorials/plugins-7906925?locale=zh-CN
21c9d7e2db01993124c27f4c44f3407d2bf75649bda953ad696f961535f21b87	5258	api/docs/public/tutorials/plugins-7989459@@locale=en-US/index.html	https://doc.openlux.ai/api/docs/public/tutorials/plugins-7989459?locale=en-US
fb386dce421d4e16cb5036b9d129f46cba3e98dcf42afdd5736ba66de2bf2e94	6230	api/docs/public/tutorials/plugins-7989459@@locale=zh-CN/index.html	https://doc.openlux.ai/api/docs/public/tutorials/plugins-7989459?locale=zh-CN
f6bd75460d5f053dcb1af704e6adee977e1ce22ca52d5785646fdb148754b04f	1718	api/docs/public/tutorials/plugins-8105901@@locale=en-US/index.html	https://doc.openlux.ai/api/docs/public/tutorials/plugins-8105901?locale=en-US
cf4646c54a4e21c799e6b18d2b7410a56d804b4aba0c67992bcd9595ee690777	1721	api/docs/public/tutorials/plugins-8105901@@locale=zh-CN/index.html	https://doc.openlux.ai/api/docs/public/tutorials/plugins-8105901?locale=zh-CN
7889c39bc02a7f991e376820ec061d593333f943083298dd90e6291946afa96d	4242	api/docs/public/tutorials/plugins-8130178@@locale=en-US/index.html	https://doc.openlux.ai/api/docs/public/tutorials/plugins-8130178?locale=en-US
05a8d18f1f4ef0475e04199d02b9e631f9c2684a6c0ddbcec9e8ddb40b18142a	4449	api/docs/public/tutorials/plugins-8130178@@locale=zh-CN/index.html	https://doc.openlux.ai/api/docs/public/tutorials/plugins-8130178?locale=zh-CN
51b872bb7d7f4f337fa2a6de37e6d0a2159fa715d5c99254aeac3b4391a96deb	6221	api/docs/public/tutorials/plugins-8221829@@locale=en-US/index.html	https://doc.openlux.ai/api/docs/public/tutorials/plugins-8221829?locale=en-US
4bc5b6f1d25910dac76a884b1898d1fa8ed47c1cce957f1ef278fcc6466a0526	6401	api/docs/public/tutorials/plugins-8221829@@locale=zh-CN/index.html	https://doc.openlux.ai/api/docs/public/tutorials/plugins-8221829?locale=zh-CN
36eaac351c185ce00096c546c9d4f0828b40c710dbb406d14bfde554fa216375	1604	api/docs/public/tutorials/plugins-8274043@@locale=en-US/index.html	https://doc.openlux.ai/api/docs/public/tutorials/plugins-8274043?locale=en-US
3e906ed7a47bfd5f4b98d64c68c0d0d2d1cf3b0a4186c368f98d94450f8321fa	1679	api/docs/public/tutorials/plugins-8274043@@locale=zh-CN/index.html	https://doc.openlux.ai/api/docs/public/tutorials/plugins-8274043?locale=zh-CN
f87969ed27d6510a4616ec66e665a8a393423e7ad26629f70c0bc55655ffd3bd	984	api/docs/public/tutorials/python-5459019@@locale=en-US/index.html	https://doc.openlux.ai/api/docs/public/tutorials/python-5459019?locale=en-US
9489c7c8aec8a6eb5ad9dbbda7ee44c7ed69bee143db0d736c7dda7720bab7e5	1024	api/docs/public/tutorials/python-5459019@@locale=zh-CN/index.html	https://doc.openlux.ai/api/docs/public/tutorials/python-5459019?locale=zh-CN
56e092db7bb5b8da9a44fdab6543ddb4ed034dcbdb4ed624e389397683ac21e0	1012	api/docs/public/tutorials/python-5459020@@locale=en-US/index.html	https://doc.openlux.ai/api/docs/public/tutorials/python-5459020?locale=en-US
acfff0e00da861e31d49ae1d799a5c2009d6fdeab8d0035a1d9cdc40eff126e1	1096	api/docs/public/tutorials/python-5459020@@locale=zh-CN/index.html	https://doc.openlux.ai/api/docs/public/tutorials/python-5459020?locale=zh-CN
a2b46b2819163f8db82a2580e48f82b0a131ff0bb85e60d974378ea87e19b185	2248	api/docs/public/tutorials/python-5459021@@locale=en-US/index.html	https://doc.openlux.ai/api/docs/public/tutorials/python-5459021?locale=en-US
c0b702c55a88f3adc256f3dd46ed14c21f3a5da58c871223a7919499acd1433a	2438	api/docs/public/tutorials/python-5459021@@locale=zh-CN/index.html	https://doc.openlux.ai/api/docs/public/tutorials/python-5459021?locale=zh-CN
a0bb03264290316d0880751c6c6f97f3dca9b579f11154b0e693b9b4a2687b3a	1804	api/docs/public/tutorials/python-5459034@@locale=en-US/index.html	https://doc.openlux.ai/api/docs/public/tutorials/python-5459034?locale=en-US
71ca4b49bbbc89ea9c10188639afcfd76f6ebfeaab566309b7d9b65471ef857f	1793	api/docs/public/tutorials/python-5459034@@locale=zh-CN/index.html	https://doc.openlux.ai/api/docs/public/tutorials/python-5459034?locale=zh-CN
a5b98915df0482ea5e5855268e06a49dbb74625974a35d3d7a929b3fed756969	1083	api/docs/public/tutorials/python-5459035@@locale=en-US/index.html	https://doc.openlux.ai/api/docs/public/tutorials/python-5459035?locale=en-US
c551d7505e24bd5ccf9ca1d59af8719770d1f0420af0120f6a426192a0b61717	1105	api/docs/public/tutorials/python-5459035@@locale=zh-CN/index.html	https://doc.openlux.ai/api/docs/public/tutorials/python-5459035?locale=zh-CN
e03f90a0d2ec9bc002916886138e183558b9ca6f0934ce5a2e70d63ba645db24	2974	api/docs/public/tutorials/python-5459036@@locale=en-US/index.html	https://doc.openlux.ai/api/docs/public/tutorials/python-5459036?locale=en-US
6ceb1bd7bc1c3b76e2143f274c78fc81e489c6574a18c3e0e477af0d7b88adba	3093	api/docs/public/tutorials/python-5459036@@locale=zh-CN/index.html	https://doc.openlux.ai/api/docs/public/tutorials/python-5459036?locale=zh-CN
13b7cf20030ab9ecbb2c6079b603e6a8f35cff2b7ae5401457d459f50dee6c5b	2598	api/docs/public/tutorials/python-5459037@@locale=en-US/index.html	https://doc.openlux.ai/api/docs/public/tutorials/python-5459037?locale=en-US
e5bc91d40bd7a11dcf37f360613c47fc4aa12617085479d94ec2a37974bc3d7d	2783	api/docs/public/tutorials/python-5459037@@locale=zh-CN/index.html	https://doc.openlux.ai/api/docs/public/tutorials/python-5459037?locale=zh-CN
ed93511fd2099c495f90536039226985dad7549966784f24dc0b1f6dbe9e190c	2790	api/docs/public/tutorials/python-5459038@@locale=en-US/index.html	https://doc.openlux.ai/api/docs/public/tutorials/python-5459038?locale=en-US
831e232b690815d78a61a5c2cb03ba19d2560d3c8f2dfd122021c296948f0a53	2955	api/docs/public/tutorials/python-5459038@@locale=zh-CN/index.html	https://doc.openlux.ai/api/docs/public/tutorials/python-5459038?locale=zh-CN
78997db47d63b6a475e201c71cf1eee6b64cfab1a9f15858a03af308178fa853	2682	api/docs/public/tutorials/python-5459039@@locale=en-US/index.html	https://doc.openlux.ai/api/docs/public/tutorials/python-5459039?locale=en-US
db0de4a5282097dcb1aa6a397fadfa4bd4cbdbfd4459678dc9922148ff3c94c3	2829	api/docs/public/tutorials/python-5459039@@locale=zh-CN/index.html	https://doc.openlux.ai/api/docs/public/tutorials/python-5459039?locale=zh-CN
6cd726bc613951507c5ea8838a103f1460ce4bac753eb414c8152076afc67a0a	4308	api/docs/public/tutorials/python-5459040@@locale=en-US/index.html	https://doc.openlux.ai/api/docs/public/tutorials/python-5459040?locale=en-US
8788de4bd15b581a9753914ebf2b2aa5ebf2057e2a2f7aa2b10c546f24965dc1	4298	api/docs/public/tutorials/python-5459040@@locale=zh-CN/index.html	https://doc.openlux.ai/api/docs/public/tutorials/python-5459040?locale=zh-CN
9bb48ea0812db9d418543a4ec72f8c5399d49aa2cf5b1ad7913a002326926120	815	api/docs/public/tutorials/python-5459053@@locale=en-US/index.html	https://doc.openlux.ai/api/docs/public/tutorials/python-5459053?locale=en-US
93e257d9ca56f25ed2ea2a89047b74fb6c8c557c237cb324dfd9ff1dbf14a6fb	909	api/docs/public/tutorials/python-5459053@@locale=zh-CN/index.html	https://doc.openlux.ai/api/docs/public/tutorials/python-5459053?locale=zh-CN
8011c24571267f8369a1940c538fae98057dfabdb8e4cc86244c4d2f32e89018	545	api/docs/public/tutorials/python-5459054@@locale=en-US/index.html	https://doc.openlux.ai/api/docs/public/tutorials/python-5459054?locale=en-US
28217d03814a0b777ea5dd0eb1be0d13010414421be11c48b07e0a92474fdcb4	585	api/docs/public/tutorials/python-5459054@@locale=zh-CN/index.html	https://doc.openlux.ai/api/docs/public/tutorials/python-5459054?locale=zh-CN
a801a4f80d387c0a91e00916dcc6b594beb16a3d3b3c57657fd0df3cd754e58b	1122	api/docs/public/tutorials/python-5564627@@locale=en-US/index.html	https://doc.openlux.ai/api/docs/public/tutorials/python-5564627?locale=en-US
5b13ec4317d7f1156467bced2aabf2af6dfe2cca513aeec8676eeb83b1d8e2a1	1212	api/docs/public/tutorials/python-5564627@@locale=zh-CN/index.html	https://doc.openlux.ai/api/docs/public/tutorials/python-5564627?locale=zh-CN
f3672d53cfdf696531cba06570704c6e035aaab92f7dbc91ea9aba1a45771e13	744	api/docs/public/tutorials/python-5808445@@locale=en-US/index.html	https://doc.openlux.ai/api/docs/public/tutorials/python-5808445?locale=en-US
514e5d74c6e1a66a4acd841cc767ccf17512e0825a8a2df7d32b5321431aea85	786	api/docs/public/tutorials/python-5808445@@locale=zh-CN/index.html	https://doc.openlux.ai/api/docs/public/tutorials/python-5808445?locale=zh-CN
4c14ed605d7e504f548134b8b594c6a00f17d1e0fc6cc1e287b0c7a9246f41d0	2942	api/docs/public/tutorials/python-5918157@@locale=en-US/index.html	https://doc.openlux.ai/api/docs/public/tutorials/python-5918157?locale=en-US
e844c5a9c8267ede2f9519ff215a84f781d26371436542f2698cb9d74e2aea1f	3199	api/docs/public/tutorials/python-5918157@@locale=zh-CN/index.html	https://doc.openlux.ai/api/docs/public/tutorials/python-5918157?locale=zh-CN
98224311e1d4d0c81ce3f994db1f783700dfe3b79275ea74740397675d7c8dd4	1417	api/docs/public/tutorials/python-6002210@@locale=en-US/index.html	https://doc.openlux.ai/api/docs/public/tutorials/python-6002210?locale=en-US
3421da8820faaa48dc641e6025213e6e1a98a67a3a675181324bc8d9e1acf140	1502	api/docs/public/tutorials/python-6002210@@locale=zh-CN/index.html	https://doc.openlux.ai/api/docs/public/tutorials/python-6002210?locale=zh-CN
0405fce7d6c13936ac43ca7eeff59931496f7e1a9ae46f80db54b6d2ddf29a87	2215	api/docs/public/tutorials/python-6562372@@locale=en-US/index.html	https://doc.openlux.ai/api/docs/public/tutorials/python-6562372?locale=en-US
3d91719dca5cec28074dfe120fe5d862ed8b58d6dcfb47d414bdd47cc5ca1af5	2175	api/docs/public/tutorials/python-6562372@@locale=zh-CN/index.html	https://doc.openlux.ai/api/docs/public/tutorials/python-6562372?locale=zh-CN
f571b4bc98f81b6aa0b3cffb9417aac711420c43eec7c526ee5d996dfc60ab03	1568	api/docs/public/tutorials/quickstart-python@@locale=en-US/index.html	https://doc.openlux.ai/api/docs/public/tutorials/quickstart-python?locale=en-US
67006a494996be155644a06cca65c1da08cad0fe46a85c6e37d51484392e68c0	1495	api/docs/public/tutorials/quickstart-python@@locale=zh-CN/index.html	https://doc.openlux.ai/api/docs/public/tutorials/quickstart-python?locale=zh-CN
2d007c51ad6d71a0f73dc38a380147fc39c877baa1931765efc448c65a35ff67	1068	api/docs/public/tutorials/relay-intro-5459008@@locale=en-US/index.html	https://doc.openlux.ai/api/docs/public/tutorials/relay-intro-5459008?locale=en-US
e906b1eb6b863745f69283947023cbdf8155e15a895ea31b43fc1012fa3193e0	1165	api/docs/public/tutorials/relay-intro-5459008@@locale=zh-CN/index.html	https://doc.openlux.ai/api/docs/public/tutorials/relay-intro-5459008?locale=zh-CN
8623a2967753b12001b2c21d14e949a8571bcc16a9b0870b0baf576df240a75d	689	api/docs/public/tutorials/relay-intro-5459010@@locale=en-US/index.html	https://doc.openlux.ai/api/docs/public/tutorials/relay-intro-5459010?locale=en-US
a0bd7abe6725efb8255f79aaf7e3c1f953096c546ce57a892bb6795f377b7b9a	691	api/docs/public/tutorials/relay-intro-5459010@@locale=zh-CN/index.html	https://doc.openlux.ai/api/docs/public/tutorials/relay-intro-5459010?locale=zh-CN
29d6043d639c3938a755daddaa55742bcc7122b0f0a7637265a04359f948120d	740	api/docs/public/tutorials/relay-intro-5459027@@locale=en-US/index.html	https://doc.openlux.ai/api/docs/public/tutorials/relay-intro-5459027?locale=en-US
e83ed252cfbb5d9fe053561e898e95e8e78d9a4ed27e2efa1364a0751aca6f71	678	api/docs/public/tutorials/relay-intro-5459027@@locale=zh-CN/index.html	https://doc.openlux.ai/api/docs/public/tutorials/relay-intro-5459027?locale=zh-CN
ebd98e4dbc085c8f2e1f88db07bcac768984ef9b699159ae6fabd0a6929a70aa	769	api/docs/public/tutorials/relay-intro-5459028@@locale=en-US/index.html	https://doc.openlux.ai/api/docs/public/tutorials/relay-intro-5459028?locale=en-US
5d8282d072cefe5432a667e6c8e140b0335fea425281bce57f9db33b85174899	849	api/docs/public/tutorials/relay-intro-5459028@@locale=zh-CN/index.html	https://doc.openlux.ai/api/docs/public/tutorials/relay-intro-5459028?locale=zh-CN
772d5a1fdc75ad6cdce79d2b29f35f54ade8685ed84414a46e850c2e8a9a6cff	468	api/docs/public/tutorials/relay-intro-5459029@@locale=en-US/index.html	https://doc.openlux.ai/api/docs/public/tutorials/relay-intro-5459029?locale=en-US
5df9c0e5bf6b5bc957938c51e907d35bf1012e95f6e16dc09f1b15e9090d3ed7	1270	api/docs/public/tutorials/relay-intro-5459029@@locale=zh-CN/index.html	https://doc.openlux.ai/api/docs/public/tutorials/relay-intro-5459029?locale=zh-CN
483b0a72e07173afc5ef216a093ecc53113c109de2e22cd2a53615dbc339a2b3	6561	api/docs/public/tutorials/relay-intro-5459030@@locale=en-US/index.html	https://doc.openlux.ai/api/docs/public/tutorials/relay-intro-5459030?locale=en-US
46616c4dd62ac2e5fe4b17f0d429099aed0ed16eb82356324e152365c6184677	7499	api/docs/public/tutorials/relay-intro-5459030@@locale=zh-CN/index.html	https://doc.openlux.ai/api/docs/public/tutorials/relay-intro-5459030?locale=zh-CN
e42fcb3267af2b3582fe1a5ad7fc566efd8d6c7d4aaf1be27719097a18be7e8c	269	api\docs\portal\branding\index.html	https://doc.openlux.ai/api/docs/portal/branding
fc436efb82aedbbde4ab7cd89dae0c03ada6c0752e491fd3d516d3d29047df4b	16677	api\docs\public\catalog@@locale=en-US\index.html	https://doc.openlux.ai/api/docs/public/catalog?locale=en-US
8e00f547871756330b46aed52bb27e69b3145ffd1a05ae1afe42b5e242fb64df	2747	api\docs\public\specs\meta\index.html	https://doc.openlux.ai/api/docs/public/specs/meta
a2f1b92a39475c5ccf10bf997309364d0eb3d49097eea382381dbae5d4fe8ddd	89162	api\docs\public\specs\platform\ali-pix\index.html	https://doc.openlux.ai/api/docs/public/specs/platform/ali-pix
5e5e29f9fb54f3d062e0c172e4e7f3e51102034074ebf6d9d1f13ab57fd5c1cb	3584	api\docs\public\specs\platform\ali-pix\operations@@locale=en-US\index.html	https://doc.openlux.ai/api/docs/public/specs/platform/ali-pix/operations?locale=en-US
a7b606b51cbf854ccafbc1baa30a9ba868c0972ce6845c8521167c8c7d7837b1	30832	api\docs\public\specs\platform\alibailian\index.html	https://doc.openlux.ai/api/docs/public/specs/platform/alibailian
ead18a004ccf244304703778c8b76135342719947e8216107e2a8a1f4c2b3110	885	api\docs\public\specs\platform\alibailian\operations@@locale=en-US\index.html	https://doc.openlux.ai/api/docs/public/specs/platform/alibailian/operations?locale=en-US
41f76d2f95c9fcf1daca3d376c00bc7d6f5534f54f53b69f5fe638ff77fb72d8	88026	api\docs\public\specs\platform\avatar\index.html	https://doc.openlux.ai/api/docs/public/specs/platform/avatar
f274954ca3c3c9995710f467f3f1568b8831a8e78f9141f8f07111beac16cd65	2352	api\docs\public\specs\platform\avatar\operations@@locale=en-US\index.html	https://doc.openlux.ai/api/docs/public/specs/platform/avatar/operations?locale=en-US
8b56d3ebdae0241cf318bc3875d87a9c259ad2f55a352808fd8a51795e4f3eba	144518	api\docs\public\specs\platform\fal-ai\index.html	https://doc.openlux.ai/api/docs/public/specs/platform/fal-ai
14cc03d09c2dc54e0ec28aeb0bca703a8cdf295965d97e3eb4daf7aa1f5dcb55	5776	api\docs\public\specs\platform\fal-ai\operations@@locale=en-US\index.html	https://doc.openlux.ai/api/docs/public/specs/platform/fal-ai/operations?locale=en-US
5e6a5437477fbc123a2195c26c76e8c0072431ea7e985a983e7730c7edeb7809	6888	api\docs\public\specs\platform\gemini-v1alpha\index.html	https://doc.openlux.ai/api/docs/public/specs/platform/gemini-v1alpha
2baa59440bd52b56eb97e7251e236cb52e3bf2c6148d0cb46e9639c792318289	324	api\docs\public\specs\platform\gemini-v1alpha\operations@@locale=en-US\index.html	https://doc.openlux.ai/api/docs/public/specs/platform/gemini-v1alpha/operations?locale=en-US
9d3516b0d6cc3bb906a017e779f404f1b497e5798c86e55c52e757b882c67e3c	136879	api\docs\public\specs\platform\gemini-v1beta\index.html	https://doc.openlux.ai/api/docs/public/specs/platform/gemini-v1beta
2f4e4c781fbc1afaf72b4f3549f33028a2b48b106d39d102249827f36be42911	3657	api\docs\public\specs\platform\gemini-v1beta\operations@@locale=en-US\index.html	https://doc.openlux.ai/api/docs/public/specs/platform/gemini-v1beta/operations?locale=en-US
5ec6620baa6168cde782c575153554eb32fe66f2c3a4c4121433e232f79bc36c	21128	api\docs\public\specs\platform\grok\index.html	https://doc.openlux.ai/api/docs/public/specs/platform/grok
d7a3ea201d59d0e3fe91006f8e5c2d2d895c98537b607d53e85ecffd2d3c5a51	575	api\docs\public\specs\platform\grok\operations@@locale=en-US\index.html	https://doc.openlux.ai/api/docs/public/specs/platform/grok/operations?locale=en-US
d94025b9c4c25447be5483075e1d0157a9269d1556d581978aeb853155c05d79	41232	api\docs\public\specs\platform\ideogram-v1\index.html	https://doc.openlux.ai/api/docs/public/specs/platform/ideogram-v1
567eb2792d6eef3d84ea60a461fa856f2a2ed791833962fc7adf391e4c3f7a63	1031	api\docs\public\specs\platform\ideogram-v1\operations@@locale=en-US\index.html	https://doc.openlux.ai/api/docs/public/specs/platform/ideogram-v1/operations?locale=en-US
2b5eac3933149ab12e93ce8a63a9fd88dd2a518f2f14d1f04f8029f8f89897fa	30019	api\docs\public\specs\platform\ideogram\index.html	https://doc.openlux.ai/api/docs/public/specs/platform/ideogram
813603a8ee3f5e64d7dae43190e031c16c48cf97444e328261a2e265ec0d3be9	593	api\docs\public\specs\platform\ideogram\operations@@locale=en-US\index.html	https://doc.openlux.ai/api/docs/public/specs/platform/ideogram/operations?locale=en-US
1f6756de24a799a048539ebce62282bc1cc8a804681a94911b053ff5cd73abc8	13223	api\docs\public\specs\platform\jimeng\index.html	https://doc.openlux.ai/api/docs/public/specs/platform/jimeng
093709bc0efdf46c3e7ad736a6c88a44ffe76993ee75acdad410761b92311c1f	330	api\docs\public\specs\platform\jimeng\operations@@locale=en-US\index.html	https://doc.openlux.ai/api/docs/public/specs/platform/jimeng/operations?locale=en-US
f14ca3810c7c6e05388dfb4084f09e6dba5a0a55eb6863feeadeac49f6633ef4	327296	api\docs\public\specs\platform\kling\index.html	https://doc.openlux.ai/api/docs/public/specs/platform/kling
574a35b8b51fa788ff46c4427a40d4ef253b37e0ccef63e55452b01b8f9f25e4	9544	api\docs\public\specs\platform\kling\operations@@locale=en-US\index.html	https://doc.openlux.ai/api/docs/public/specs/platform/kling/operations?locale=en-US
268600fc9a7cda596ca4cfd74ea268437b07fed7838f0ea34eaebb47dd8d0dbb	6587	api\docs\public\specs\platform\luma-v1\index.html	https://doc.openlux.ai/api/docs/public/specs/platform/luma-v1
204866edf96e3a31748b6a875e16c689b6ed1d92a924e69fa6320d391ed7a3f7	312	api\docs\public\specs\platform\luma-v1\operations@@locale=en-US\index.html	https://doc.openlux.ai/api/docs/public/specs/platform/luma-v1/operations?locale=en-US
4f52a35bc5a5eb0ed0f28ec1137e4192f1979ca72a40ea7d9a4d82f4a567342f	41994	api\docs\public\specs\platform\luma\index.html	https://doc.openlux.ai/api/docs/public/specs/platform/luma
48e43332f36f15ea33d1113bfa9c64cc35c2dd87f3b1ca1af2b76badeef5daa1	611	api\docs\public\specs\platform\luma\operations@@locale=en-US\index.html	https://doc.openlux.ai/api/docs/public/specs/platform/luma/operations?locale=en-US
b903b843cc70e74d5e5ca4a8cdaeb6e2fb04ae25902e3af54e1a455ffd726503	78785	api\docs\public\specs\platform\minimax\index.html	https://doc.openlux.ai/api/docs/public/specs/platform/minimax
a995b648fb11838f1fbcd762451d1a0343132f77817b3250ca75222ed5d793d2	1684	api\docs\public\specs\platform\minimax\operations@@locale=en-US\index.html	https://doc.openlux.ai/api/docs/public/specs/platform/minimax/operations?locale=en-US
75aa3378caf9cee46a12bfd161363afa91f2a379058a1825cdc3bf345ae07fea	85239	api\docs\public\specs\platform\mj\index.html	https://doc.openlux.ai/api/docs/public/specs/platform/mj
b8094e55f0f00f0e86cee6c44d122d4ea1cc414f7c2cad4c7303f07a8ae08020	2444	api\docs\public\specs\platform\mj\operations@@locale=en-US\index.html	https://doc.openlux.ai/api/docs/public/specs/platform/mj/operations?locale=en-US
fbd06e64896ba8d1cbad96df81e544536884ac405d64eff2dc2bae156bb5c13f	30149	api\docs\public\specs\platform\omni\index.html	https://doc.openlux.ai/api/docs/public/specs/platform/omni
4308451a8367ed083f1c8a6431c1c17102e8c299a40be0edf9e310eb981498d8	1222	api\docs\public\specs\platform\omni\operations@@locale=en-US\index.html	https://doc.openlux.ai/api/docs/public/specs/platform/omni/operations?locale=en-US
5cebd441ff19f94175dba1e1965b7826ed1018b06a7e69290563ed7d78131888	57718	api\docs\public\specs\platform\pixverse\index.html	https://doc.openlux.ai/api/docs/public/specs/platform/pixverse
e2608e0eb217375269ff73df272ce214c0e91e4b0ae9da97cd2e3bfc1ba46084	3246	api\docs\public\specs\platform\pixverse\operations@@locale=en-US\index.html	https://doc.openlux.ai/api/docs/public/specs/platform/pixverse/operations?locale=en-US
fe01736237d93016a0802c437c002137b874cc4df2acf306b5308a42b1a962c5	8804	api\docs\public\specs\platform\playground\index.html	https://doc.openlux.ai/api/docs/public/specs/platform/playground
492058893d525508b3657496eddcfcb6abddf3e0c24f4158e5e0ac86227c2b5e	471	api\docs\public\specs\platform\playground\operations@@locale=en-US\index.html	https://doc.openlux.ai/api/docs/public/specs/platform/playground/operations?locale=en-US
8c1dc5f762a814a96774ff0b0f125261d89789ff46bf9cd301b97587380fd790	227188	api\docs\public\specs\platform\replicate\index.html	https://doc.openlux.ai/api/docs/public/specs/platform/replicate
d43ed8b1ec09cb98efa4c9a0bd84e559cff25810e6c329ba69c92b395a44feef	5259	api\docs\public\specs\platform\replicate\operations@@locale=en-US\index.html	https://doc.openlux.ai/api/docs/public/specs/platform/replicate/operations?locale=en-US
d9f96b63ef88cf9e8de2596ce67566928fe2153e1aa82d1fc6acd5045ba02b7f	13888	api\docs\public\specs\platform\runway\index.html	https://doc.openlux.ai/api/docs/public/specs/platform/runway
270e2d1974a46f466570bad10d2a96a87d08eefbb51ab4d07517f281ca32c6bc	348	api\docs\public\specs\platform\runway\operations@@locale=en-US\index.html	https://doc.openlux.ai/api/docs/public/specs/platform/runway/operations?locale=en-US
bb82fb0bc0662e8a1a868b3e4f00df3ceeb3d300146982294e44d0359a371f61	11936	api\docs\public\specs\platform\seedance\index.html	https://doc.openlux.ai/api/docs/public/specs/platform/seedance
e8276e864ed95aacc5007157432c90521678006a33355a7d6fccb172ea2b0e14	951	api\docs\public\specs\platform\seedance\operations@@locale=en-US\index.html	https://doc.openlux.ai/api/docs/public/specs/platform/seedance/operations?locale=en-US
4e7a1df16cf4e036b037f56067b3a45de9349c4858317a8421f081f7af282055	19381	api\docs\public\specs\platform\sora\index.html	https://doc.openlux.ai/api/docs/public/specs/platform/sora
2b3afa4c91760e3c367dc4a531e1d17095f52659899069c966360a6319f8789c	640	api\docs\public\specs\platform\sora\operations@@locale=en-US\index.html	https://doc.openlux.ai/api/docs/public/specs/platform/sora/operations?locale=en-US
aabee7cdb49d2660d8ffd2f2d7eadbc01e0bb21549b55759d56a62320fa42272	113254	api\docs\public\specs\platform\suno\index.html	https://doc.openlux.ai/api/docs/public/specs/platform/suno
774333defc494fc194ef7594213583bf5fe62dcb82623e597d9865a7c251c65f	4372	api\docs\public\specs\platform\suno\operations@@locale=en-US\index.html	https://doc.openlux.ai/api/docs/public/specs/platform/suno/operations?locale=en-US
843405b8e34911833dd960114a70329075cac9c2b0047676b4b42a055d2f36de	40753	api\docs\public\specs\platform\system\index.html	https://doc.openlux.ai/api/docs/public/specs/platform/system
34d502cf0652965f4bd34fa7cbe08504675704637d16dd6e77583deb58e56f8e	1264	api\docs\public\specs\platform\system\operations@@locale=en-US\index.html	https://doc.openlux.ai/api/docs/public/specs/platform/system/operations?locale=en-US
885cf0da4db178172d14193e723b570fa6d8c7d0905a6b17167a550c80af383f	60823	api\docs\public\specs\platform\tencent-vod\index.html	https://doc.openlux.ai/api/docs/public/specs/platform/tencent-vod
40eea6b23e71d1bc831d9b57d0a21dd32ce8381cb202eb5546193da9eb4b35b2	709	api\docs\public\specs\platform\tencent-vod\operations@@locale=en-US\index.html	https://doc.openlux.ai/api/docs/public/specs/platform/tencent-vod/operations?locale=en-US
5bea5c10f647601583ab3b86f123ef1ecb92350eccd0b2ff7323f502bdd59042	6674	api\docs\public\specs\platform\v1-models\index.html	https://doc.openlux.ai/api/docs/public/specs/platform/v1-models
f3879758c11ab453f3eff29cd1c99943439d859dd3d25b1f8ca642f091e0f96d	290	api\docs\public\specs\platform\v1-models\operations@@locale=en-US\index.html	https://doc.openlux.ai/api/docs/public/specs/platform/v1-models/operations?locale=en-US
1366fe7b3c440111a9c3c9c573e2d465a3fbe85cc320898af81f27972e05f22c	199029	api\docs\public\specs\platform\v1\index.html	https://doc.openlux.ai/api/docs/public/specs/platform/v1
4d32856b603aa80ef5084bf84f97e7d96448826d2e561c23ed1f8f5955d82de8	1798	api\docs\public\specs\platform\v1\operations@@locale=en-US\index.html	https://doc.openlux.ai/api/docs/public/specs/platform/v1/operations?locale=en-US
a3f8da0ebfc3d0ae5d52cc82f99543857ce4ae98f31aa74b256bcadd2747fcef	25085	api\docs\public\specs\platform\veo\index.html	https://doc.openlux.ai/api/docs/public/specs/platform/veo
24420346912ca6163e472de444dc0ab087a04c2144c9565a517accd59d73e3d5	949	api\docs\public\specs\platform\veo\operations@@locale=en-US\index.html	https://doc.openlux.ai/api/docs/public/specs/platform/veo/operations?locale=en-US
92cf5aff1844fe1076af65514605df9c477aa14a13714fd24c65083b4887125f	36469	api\docs\public\specs\platform\vidu\index.html	https://doc.openlux.ai/api/docs/public/specs/platform/vidu
89419ab6c703591e97e69b7a603697ac91fd832ec80780bf4a6dca028bf0b052	1513	api\docs\public\specs\platform\vidu\operations@@locale=en-US\index.html	https://doc.openlux.ai/api/docs/public/specs/platform/vidu/operations?locale=en-US
2b53664af7edf466fb2651121088fd3759cbd94526dc0ac8b3bbdbefbc4f8ac3	38442	api\docs\public\specs\platform\volc\index.html	https://doc.openlux.ai/api/docs/public/specs/platform/volc
d42de223c6b71705d51c0b8f6b28cd936531552d30b50fa469323e135bcd3d1d	1597	api\docs\public\specs\platform\volc\operations@@locale=en-US\index.html	https://doc.openlux.ai/api/docs/public/specs/platform/volc/operations?locale=en-US
921cdba4dd7eb77964c152990850a8bb255cf65612e238475a9ee3141893e51c	142874	assets\AgentScalarChatInterface.vue-BkdpTZNv.js	https://doc.openlux.ai/assets/AgentScalarChatInterface.vue-BkdpTZNv.js
885e3ff7f0af7ebf78d20c6d4026d117aff998d2edccc49a24cd69b49fce7d94	601	assets\basic-shape-diamond.svg-CYjEl79j.js	https://doc.openlux.ai/assets/basic-shape-diamond.svg-CYjEl79j.js
1aeb4b3a47ef39d5fdca83e7645baa406fc631e1d289d3fe062d1de8ecdc8f68	550	assets\basic-shape-hexagon.svg-BSd1jsJO.js	https://doc.openlux.ai/assets/basic-shape-hexagon.svg-BSd1jsJO.js
1aa3d39aeb98d8fd8e35d815cf096b9f00aafae481bb9f402d5d58fe4c614ee2	403	assets\basic-shape-primary-circle-ellipse-round.svg-CZysSDsQ.js	https://doc.openlux.ai/assets/basic-shape-primary-circle-ellipse-round.svg-CZysSDsQ.js
1aa6f2d018f5734d433af31a8987e8e5c8343ee12e916d3a239a026b2866bbe7	802	assets\basic-shape-primary-square-rectangle.svg-DJqLFQtI.js	https://doc.openlux.ai/assets/basic-shape-primary-square-rectangle.svg-DJqLFQtI.js
e20d1654526ea48e3b2dff5a2ecf4730d60fc3d528260f23d3ee50c3b47c8afe	741	assets\basic-shape-shield.svg-DCQFIUkW.js	https://doc.openlux.ai/assets/basic-shape-shield.svg-DCQFIUkW.js
6a1407db14f57f7be9c98464b6d7e8899ba417c63b0d81363db2efb3e1022e1f	3738202	assets\cdn.jsdelivr.net\npm\@scalar\api-reference@latest\dist\browser\standalone.js	https://cdn.jsdelivr.net/npm/@scalar/api-reference@latest/dist/browser/standalone.js
bd04b257a60caf7748a979dbe63b919342851e11ddf305322018f3f61f1b7e6e	10346	assets\claude-6z6zLTm0.png	https://doc.openlux.ai/assets/claude-6z6zLTm0.png
10be52474acb49817ed6c307c695f3f4f1a02a2e0c61295e49c640bf9cef0163	610	assets\computer-device-desktop-monitor.svg-Nb2topHa.js	https://doc.openlux.ai/assets/computer-device-desktop-monitor.svg-Nb2topHa.js
d52cc248bb3996fc1a61c245eed6b94fb3acc5b675c1919faad89e9b642d01d1	711	assets\computer-device-desktop.svg-CcWJkAGr.js	https://doc.openlux.ai/assets/computer-device-desktop.svg-CcWJkAGr.js
f431adbbbb5885b452b199b0e08506e5ea5922c586cc56e72f5c15cc4f00565c	584	assets\computer-device-laptop.svg-B8evVR3r.js	https://doc.openlux.ai/assets/computer-device-laptop.svg-B8evVR3r.js
dc473f9d21e733500b4bfaeffb824f6f762de2fdc20cd1846fcc410f8cff5da1	715	assets\computer-device-mobile-phone-android-samsung-back.svg-BJ2A-q0J.js	https://doc.openlux.ai/assets/computer-device-mobile-phone-android-samsung-back.svg-BJ2A-q0J.js
a8f0abb574ab7856fa2d5020a5415d38e518baec2ca249b0e980248df77b095a	570	assets\computer-device-mobile-phone-android-samsung.svg-DHNQ6V78.js	https://doc.openlux.ai/assets/computer-device-mobile-phone-android-samsung.svg-DHNQ6V78.js
42f38955f6479cb9a0024593cfd75828fcc5bfaef7b8e6aabc0f60ba5db10393	631	assets\computer-device-mobile-phone-iphone-x-back.svg-DXIWxvTd.js	https://doc.openlux.ai/assets/computer-device-mobile-phone-iphone-x-back.svg-DXIWxvTd.js
21a0ee37fc654f0bd8446cd112f570ae839a4d950572c50202b2c3140c97ad1f	592	assets\computer-device-mobile-phone-iphone-x.svg-BHg5Awl8.js	https://doc.openlux.ai/assets/computer-device-mobile-phone-iphone-x.svg-BHg5Awl8.js
006e589c571534e8b4caea66982ed06f1f767620b602736f6df08349077fe44d	576	assets\computer-device-mobile-tablet-touch.svg-iWjjTX1l.js	https://doc.openlux.ai/assets/computer-device-mobile-tablet-touch.svg-iWjjTX1l.js
e02939e863a11185fe8ddf330256efe44298c4ce7c3ffd2cbb2a063280495b11	502	assets\computer-device-mobile-tablet.svg-CDT93F8A.js	https://doc.openlux.ai/assets/computer-device-mobile-tablet.svg-CDT93F8A.js
0c485433542d5593412c7b54c673cb7e7591b9c382ec9871588f51739c74512a	1123	assets\computer-device-network-ethernet-cat6.svg-BNvMuVlZ.js	https://doc.openlux.ai/assets/computer-device-network-ethernet-cat6.svg-BNvMuVlZ.js
1a977707217d9e287a1cc82abfdd3ce1c97d5f6e7b14c4f73d55d4e6b477661a	1008	assets\computer-device-network-lan-www.svg-PKoMpD4N.js	https://doc.openlux.ai/assets/computer-device-network-lan-www.svg-PKoMpD4N.js
8097871360c0a8748565f32def500efad7b6932cb630a793f1ff0742185b91e5	656	assets\computer-device-network-wifi-connection.svg-oe8LqiiS.js	https://doc.openlux.ai/assets/computer-device-network-wifi-connection.svg-oe8LqiiS.js
c13ea8735f23cdc8bbebed0149777150b2157e5f216f0567a9692f65f0e1ff7d	886	assets\computer-device-network-wifi-router.svg-Bi7YiKeN.js	https://doc.openlux.ai/assets/computer-device-network-wifi-router.svg-Bi7YiKeN.js
602655be6835d29926617347f67b3e929f3d4db5af16525910a90d531be789eb	22842	assets\deepseek-YRcMyCv3.png	https://doc.openlux.ai/assets/deepseek-YRcMyCv3.png
a418c7f0148ab2a3a03d9116c0b1bb0a27f7571bf1f9e3d91e3f70d841b204b0	703	assets\ecology-science-erlenmeyer-flask.svg-D3vu8GHg.js	https://doc.openlux.ai/assets/ecology-science-erlenmeyer-flask.svg-D3vu8GHg.js
0fb85df00adc85a30e1efbff1564def511ca2b74a7568fdbb43661db8ecc9801	27149	assets\gemini-Bn8pQ3lx.png	https://doc.openlux.ai/assets/gemini-Bn8pQ3lx.png
e5410345a621a076659c80d8983467ece4cdb341239f208f27bc994d94cbf6be	570	assets\image-flash-lightning.svg-CYFkqvty.js	https://doc.openlux.ai/assets/image-flash-lightning.svg-CYFkqvty.js
91f75c1f577c4031a8af2d99f53930aa8e6966ba970748fe9ab24fff1e31dece	1604	assets\image-picture-flower.svg-CswyZ-26.js	https://doc.openlux.ai/assets/image-picture-flower.svg-CswyZ-26.js
61feee5a65828146343f257b1a7318a2597d531adf9f50f7419419e5783c04b2	733	assets\index-BL2Pw1ru.js	https://doc.openlux.ai/assets/index-BL2Pw1ru.js
c2b936abc9b1bb3de0a6ae3c53c43fe8b349fc78a091b311bed22b6a86f66feb	2500531	assets\index-BwSyhzaO.js	https://doc.openlux.ai/assets/index-BwSyhzaO.js
43711cfd7c78a4dc0ea63b37df0fdf4f44cfc0d3704f6bdf530b2bbed2d0d98e	167645	assets\index-CFDu1WXH.css	https://doc.openlux.ai/assets/index-CFDu1WXH.css
7fd07a1d30372e6a18e0a8f17afe5ca370a8c0cf35a65df83cb1727a6eddb161	366311	assets\index-DDK-PQNf.js	https://doc.openlux.ai/assets/index-DDK-PQNf.js
79a81b6b1320b75f07105960eeeb151efd8bc798fbca232dfc621e97fa1b2dbb	2712874	assets\index-DnuzNlT9.js	https://doc.openlux.ai/assets/index-DnuzNlT9.js
89b5d8b6968d428c48ba9a69c6641890dbaf2af6c513ffbef847961bd887c4c9	595	assets\interface-alert-exclamation-diamond.svg-DizbvACu.js	https://doc.openlux.ai/assets/interface-alert-exclamation-diamond.svg-DizbvACu.js
6e3fba030d5206f2f89ce064e934e5b3833b0fd2ced6097ab787e18f6f2b1d0d	729	assets\interface-alert-exclamation-triangle-warning.svg-D7tLRYN8.js	https://doc.openlux.ai/assets/interface-alert-exclamation-triangle-warning.svg-D7tLRYN8.js
bb60869bcd2fd41f9511d1cfc72feab56319685d9387bd9b0675ac3d3ed79e37	538	assets\interface-alert-information-circle.svg-BPEWgm3X.js	https://doc.openlux.ai/assets/interface-alert-information-circle.svg-BPEWgm3X.js
e46db605d76e8c19a568e1699255ce6b8689aa1b9f4f0e226aa1190792c4184a	837	assets\interface-award-crown.svg-CspOyWto.js	https://doc.openlux.ai/assets/interface-award-crown.svg-CspOyWto.js
01ac1551374d7677d660738c49aba985c7552778c962f2a3c52a0850ea9f91f7	472	assets\interface-bookmark-tag.svg-DTUncv6x.js	https://doc.openlux.ai/assets/interface-bookmark-tag.svg-DTUncv6x.js
71c28cdd8bf112e144978ecafed960f0aa142ff765bde52f1893876817093971	472	assets\interface-bookmark.svg-DtXNLdTa.js	https://doc.openlux.ai/assets/interface-bookmark.svg-DtXNLdTa.js
a47adedb46f21bba70c59cecf019c864f7649ad304dd69c4d23b26cefd6319b0	770	assets\interface-calendar-date-one.svg-DJ0SRDFX.js	https://doc.openlux.ai/assets/interface-calendar-date-one.svg-DJ0SRDFX.js
74a2edf32f8ad3a3027a1066c0dd162a71cb696f342627557145faef3da8640e	586	assets\interface-content-book-open-pages.svg-CJxwKVux.js	https://doc.openlux.ai/assets/interface-content-book-open-pages.svg-CJxwKVux.js
8273494a5f89334f65e8dfc8cadd3e094760c001d43b827b75064b041e710d42	610	assets\interface-content-book-page.svg-CT-qupa_.js	https://doc.openlux.ai/assets/interface-content-book-page.svg-CT-qupa_.js
d429b08bde4aba9081d8a3d11d2e6796be35ccafc159eed0143a1d3cd67ed676	488	assets\interface-content-file.svg-hLSK2SRb.js	https://doc.openlux.ai/assets/interface-content-file.svg-hLSK2SRb.js
042af18cf8e71b9314a38c89294c52d22d80792293b38233845b01c88eda827e	578	assets\interface-copy-clipboard.svg-DLpGbgWp.js	https://doc.openlux.ai/assets/interface-copy-clipboard.svg-DLpGbgWp.js
e9ea05adf5f83fa8c306f67f4eb6c2167d6efcddc01791b5d52c5f922d0d2f51	590	assets\interface-edit-attachment.svg-CPXuUZfX.js	https://doc.openlux.ai/assets/interface-edit-attachment.svg-CPXuUZfX.js
d80c3e9dd916220e7ebf3c1e11f19223f815bf99dc60b5638428e1d51790b451	791	assets\interface-edit-binocular.svg-D1ifT6Yu.js	https://doc.openlux.ai/assets/interface-edit-binocular.svg-D1ifT6Yu.js
789a070cb03dc54b3bca3b46cb233af76d6a72239bc03a17bd4a47c2320efb1d	797	assets\interface-edit-magic-wand.svg-DuFir30H.js	https://doc.openlux.ai/assets/interface-edit-magic-wand.svg-DuFir30H.js
53f832042d50821efd3a8e362bad7a69e8619e69ec946a78f705102bab4a3133	570	assets\interface-edit-tool-paint-roller.svg-SmJF4fqW.js	https://doc.openlux.ai/assets/interface-edit-tool-paint-roller.svg-SmJF4fqW.js
89f57c18057f2d9e4dfc7d4b910359ba12e69b5b269c2fd1a1c8cfb2ebd8fb62	946	assets\interface-edit-tool-pencil.svg-B6N2UsZU.js	https://doc.openlux.ai/assets/interface-edit-tool-pencil.svg-B6N2UsZU.js
8001d26e862248ef989710505ac6cb1e859a2a6b37bc8ed61cd9104b839eed02	663	assets\interface-favorite-award.svg-BuvMwN_J.js	https://doc.openlux.ai/assets/interface-favorite-award.svg-BuvMwN_J.js
e1582f066047cf6dc57c950b6686c5d41ec08728e2c444240bfac2ab6ec72c86	698	assets\interface-favorite-flag.svg-ZHff6ITQ.js	https://doc.openlux.ai/assets/interface-favorite-flag.svg-ZHff6ITQ.js
c00df02e631cf592fc9d31fb56014e08a63e4b59fc4bf2d998fcd66503a71b80	682	assets\interface-favorite-heart.svg-CE77PSoN.js	https://doc.openlux.ai/assets/interface-favorite-heart.svg-CE77PSoN.js
11634f3c9f87101063477b8701518f3045792ecf627934519d650b250b02fef6	992	assets\interface-favorite-star.svg-BMed9wwh.js	https://doc.openlux.ai/assets/interface-favorite-star.svg-BMed9wwh.js
98a497f033b2d9fbd732b00ccc393c2b7d6eb7f19060867df054609f750f176a	859	assets\interface-favorite-stars-sparkles.svg-BJ8Z-A4Z.js	https://doc.openlux.ai/assets/interface-favorite-stars-sparkles.svg-BJ8Z-A4Z.js
19fe3a7c2dad818f270b7d00b06a528d841419e7fc7d68518f3fa344c336686a	719	assets\interface-hierarchy-flowchart.svg-uaDTRZk9.js	https://doc.openlux.ai/assets/interface-hierarchy-flowchart.svg-uaDTRZk9.js
cdc2dcfe55e673939bc6798b0e7dd9f79f90478d717fd61776da4bc22a22a655	552	assets\interface-home-house.svg-CPYSxHwJ.js	https://doc.openlux.ai/assets/interface-home-house.svg-CPYSxHwJ.js
9bf39ffc71ecf25e310fc694dce506bd94b3a845c87cca8d211a62e934423c0b	874	assets\interface-hyperlink.svg-DIujhaxu.js	https://doc.openlux.ai/assets/interface-hyperlink.svg-DIujhaxu.js
6f9e802151f8161bf333abd0dc07f92f8ca7199bb596130ea533a094107d1970	867	assets\interface-lighting-brightness.svg-CLddOuES.js	https://doc.openlux.ai/assets/interface-lighting-brightness.svg-CLddOuES.js
6124c9241c408016f1828611f49fc8526c36c49c3e6a027a9d3eefa3362f6620	513	assets\interface-lock-closed.svg-D1w3NL0C.js	https://doc.openlux.ai/assets/interface-lock-closed.svg-D1w3NL0C.js
6da51d8c7472aefcfffbd8901625f2216297e7b89afca4df7ae1405118d80d6a	581	assets\interface-lock-open-unlock.svg-8_nsytVS.js	https://doc.openlux.ai/assets/interface-lock-open-unlock.svg-8_nsytVS.js
033bcbea660354037c4de89a5f2256a989aa2dd6cc57effc7456e60f61331459	833	assets\interface-login-key.svg-Cam5ZHqY.js	https://doc.openlux.ai/assets/interface-login-key.svg-Cam5ZHqY.js
e1edfaddea8a161c6431c6301bc6c22427efffd738dccffca6f04a817cac5889	440	assets\interface-search.svg-CsJybXO3.js	https://doc.openlux.ai/assets/interface-search.svg-CsJybXO3.js
2a82a88400286d257ecc63d818ed374f5c2e2173016d8b55f49179fba4643891	2066	assets\interface-setting-cog.svg-Pqj4jsHe.js	https://doc.openlux.ai/assets/interface-setting-cog.svg-Pqj4jsHe.js
8634c16ae665b5f4cfabea980d41fa718cba8fa34aab848d8a9383cd12ec5188	708	assets\interface-share-megaphone-bullhorn.svg-DRWPt6vb.js	https://doc.openlux.ai/assets/interface-share-megaphone-bullhorn.svg-DRWPt6vb.js
5845a01650df7999dd37a6236eb983731254c0e98b7defec248a5cd2ea51dd10	1008	assets\interface-share-rocket.svg-DyjDfFG1.js	https://doc.openlux.ai/assets/interface-share-rocket.svg-DyjDfFG1.js
5a02aa1f0c58ef2891280dc51ab26d213dfc53450cf2691eb74a472808556a64	1090	assets\interface-share-satellite.svg-BRV7gake.js	https://doc.openlux.ai/assets/interface-share-satellite.svg-BRV7gake.js
fc3eb0162b4c0c114b47570157e11a3fdea22ab5d40e8c02ff3ca6a383bf0b78	1215	assets\interface-share-space-ship.svg-CoKo5VPq.js	https://doc.openlux.ai/assets/interface-share-space-ship.svg-CoKo5VPq.js
4f500180218aff095c875d2d2498366dd4912e8598096666b0e248ec0f189b0e	598	assets\interface-share.svg-miKrCcmE.js	https://doc.openlux.ai/assets/interface-share.svg-miKrCcmE.js
68d933c1111640983ccf2f9a62f5020da25341b33ec8bd19b111ac79294d49e4	539	assets\interface-signal-square.svg-yXG-S5px.js	https://doc.openlux.ai/assets/interface-signal-square.svg-yXG-S5px.js
17da2f3e487228421f9feee8d905cbad2210b29cb8b10a9aadff500899d9a2b4	479	assets\interface-time-clock-circle.svg-DBGBG9Z6.js	https://doc.openlux.ai/assets/interface-time-clock-circle.svg-DBGBG9Z6.js
b1f754b08f99aeda604ca2322b2eb5e24d4bbc05b376471e285deac1ecab373c	626	assets\interface-time-hour-glass.svg-D9RfxhRX.js	https://doc.openlux.ai/assets/interface-time-hour-glass.svg-D9RfxhRX.js
6527fc02a9f8ad3d05bf6ebae867cb900aef87d3063d92299f5785a33821a846	694	assets\interface-users-multiple.svg-B-GrZpQl.js	https://doc.openlux.ai/assets/interface-users-multiple.svg-B-GrZpQl.js
d3aa8a9b823803f5f22bf9b32495deca4e282194abf7c6d82d5342ef93885c98	658	assets\interface-weather-moon.svg-DIg5JowE.js	https://doc.openlux.ai/assets/interface-weather-moon.svg-DIg5JowE.js
9a2fe0ead53b5468f3daf1571128945155526b49664aebf8898e03d89d47f7df	28975	assets\kling-Ch2zdlgw.png	https://doc.openlux.ai/assets/kling-Ch2zdlgw.png
a558a88691602e28c918940bad4e1c8187f8956a77761cf73be6dd82b8a27dfc	515	assets\mail-chat-bubble-square.svg-D4mNHZym.js	https://doc.openlux.ai/assets/mail-chat-bubble-square.svg-D4mNHZym.js
6ae0e55ed8b29ef2b19382295622c696fd93e74dbe7919e416a6db6fa923317e	604	assets\mail-send-email-paper-airplane.svg-BT6vdqzA.js	https://doc.openlux.ai/assets/mail-send-email-paper-airplane.svg-BT6vdqzA.js
bcd7567dea413090f7e515fb4da6d9b9f3eb3c0d4a2fcf386391c6f4051e37e4	533	assets\mail-send-envelope.svg-54_S7fH6.js	https://doc.openlux.ai/assets/mail-send-envelope.svg-54_S7fH6.js
96f84c80fa4779d5f83150128511e506b0585a31cb3c7d509ae0ddad02b439e7	914	assets\money-cashier-receipt.svg-C4GGPKwo.js	https://doc.openlux.ai/assets/money-cashier-receipt.svg-C4GGPKwo.js
aa1a270400704d8affc20bbbbd9a9d97152e1d38acac10c8b2aa0cb55c00bc0d	416	assets\money-currency-dollar-pay.svg-B4B0vdLi.js	https://doc.openlux.ai/assets/money-currency-dollar-pay.svg-B4B0vdLi.js
99c5ed9a54d7131b3e221b2aff67b210cd9b5ae91f0740307e626f1fb55831af	593	assets\money-graph-arrow-increase.svg-r2I9s-S5.js	https://doc.openlux.ai/assets/money-graph-arrow-increase.svg-r2I9s-S5.js
e4e5f377746b9d4fda6bf791f516c00488fe2b6b9ecf855266b69c3f79b74b1c	652	assets\money-graph-bar-chart-increase.svg-tMmdGHCe.js	https://doc.openlux.ai/assets/money-graph-bar-chart-increase.svg-tMmdGHCe.js
7f8981a1957c73d212dbc06d07533ef7963699e43799be66c57195008bc92941	761	assets\nature-ecology-leaf.svg-sdgEnSsV.js	https://doc.openlux.ai/assets/nature-ecology-leaf.svg-sdgEnSsV.js
90f956c849cfcff5c12d202cd17a8e7b91c2c3aaad45082bcbc6b89903f00a49	19251	assets\openai-BOlHVTlD.png	https://doc.openlux.ai/assets/openai-BOlHVTlD.png
8b670e12e80a9c74929a53e0b8966405a92e47a5ba71328a99e2a951fa9c035e	873	assets\phone-telephone.svg-B-ppnHFS.js	https://doc.openlux.ai/assets/phone-telephone.svg-B-ppnHFS.js
9709167175cee7dcd331a7ed95be1182a5d5f00715b67a02107ecc80a55f490d	15728	assets\plus-jakarta-sans-latin-400-normal-BDKaGhyp.woff	https://doc.openlux.ai/assets/plus-jakarta-sans-latin-400-normal-BDKaGhyp.woff
221a4135d06a4b33abbd535e9a0da4e565d19545ddd9267c4e678a916d54d9b6	11816	assets\plus-jakarta-sans-latin-400-normal-Dhut76fR.woff2	https://doc.openlux.ai/assets/plus-jakarta-sans-latin-400-normal-Dhut76fR.woff2
bad081c8dbc15aed6c5e4cde5461914f7b3bdc295b7a7aed177e4beddb79bffa	12312	assets\plus-jakarta-sans-latin-500-normal-Bf-nb4oT.woff2	https://doc.openlux.ai/assets/plus-jakarta-sans-latin-500-normal-Bf-nb4oT.woff2
a1b54d9fda75d8de13e283ef09668395160e23cbb7dd9ae1aec91d6199da85bb	16124	assets\plus-jakarta-sans-latin-500-normal-DYtqi0QS.woff	https://doc.openlux.ai/assets/plus-jakarta-sans-latin-500-normal-DYtqi0QS.woff
d9569c0aacc16c33c52e57e1e48c1b94f3b0a6be99e75479edc6438cc44c48e0	16084	assets\plus-jakarta-sans-latin-600-normal-BR_Ojra4.woff	https://doc.openlux.ai/assets/plus-jakarta-sans-latin-600-normal-BR_Ojra4.woff
8872bb5c9111df9bd3162c2394aee6354d782b13408a4dd5bbf65c48207206e6	12188	assets\plus-jakarta-sans-latin-600-normal-DLTa1BUW.woff2	https://doc.openlux.ai/assets/plus-jakarta-sans-latin-600-normal-DLTa1BUW.woff2
2050755bf475817c96ac7d914c7f07cc3c2d11ff4b3fb4747b8d41de584aad17	12244	assets\plus-jakarta-sans-latin-700-normal-CfpNZvy6.woff2	https://doc.openlux.ai/assets/plus-jakarta-sans-latin-700-normal-CfpNZvy6.woff2
6188f593f250aa25137865e8d07373fd0f585f5920a496c73ede84dbbdff7a92	16136	assets\plus-jakarta-sans-latin-700-normal-DqEcQeE5.woff	https://doc.openlux.ai/assets/plus-jakarta-sans-latin-700-normal-DqEcQeE5.woff
d0a823b74d65410a8faaf5efb1232813197cdc898d9191e5997428b42aa4cafd	15312	assets\plus-jakarta-sans-latin-ext-400-normal-2ppkqaOR.woff	https://doc.openlux.ai/assets/plus-jakarta-sans-latin-ext-400-normal-2ppkqaOR.woff
65b5680bf2ba9c6c42af74ddd2e8aadde93af7c523454ebb3d4e32fdba3f94db	10592	assets\plus-jakarta-sans-latin-ext-400-normal-D127hM_v.woff2	https://doc.openlux.ai/assets/plus-jakarta-sans-latin-ext-400-normal-D127hM_v.woff2
d1584f50c388cae7e570bed35be331fa4a9afd6832ef45a32fa8bf81930e6db9	10864	assets\plus-jakarta-sans-latin-ext-500-normal-9VZagAe1.woff2	https://doc.openlux.ai/assets/plus-jakarta-sans-latin-ext-500-normal-9VZagAe1.woff2
42793e2d60d4b62191fa9f1968002d76c1c7438e76b7c3bcc145af154803e9d5	15620	assets\plus-jakarta-sans-latin-ext-500-normal-CqEEAICU.woff	https://doc.openlux.ai/assets/plus-jakarta-sans-latin-ext-500-normal-CqEEAICU.woff
ade6f23e14c20160f924f980f6610cd73979c03227541d8734b2c42563d11325	15608	assets\plus-jakarta-sans-latin-ext-600-normal-B0WRRYJ1.woff	https://doc.openlux.ai/assets/plus-jakarta-sans-latin-ext-600-normal-B0WRRYJ1.woff
080a1fea8589c2bd4fa08750d0d99b3388be63df8c41a649de05cb2dda1ec007	10896	assets\plus-jakarta-sans-latin-ext-600-normal-DQgPU_Cg.woff2	https://doc.openlux.ai/assets/plus-jakarta-sans-latin-ext-600-normal-DQgPU_Cg.woff2
aaa9d5f7040bcf5ee2c9569f6c54aaf8327ee769fd2d02764a858f450a8fbf13	15616	assets\plus-jakarta-sans-latin-ext-700-normal-8-d-IyIQ.woff	https://doc.openlux.ai/assets/plus-jakarta-sans-latin-ext-700-normal-8-d-IyIQ.woff
b202ec87899e78825db955e6ab43858b88c0cd444abe2dfac2e763f837b8f234	11008	assets\plus-jakarta-sans-latin-ext-700-normal-BajbvANd.woff2	https://doc.openlux.ai/assets/plus-jakarta-sans-latin-ext-700-normal-BajbvANd.woff2
4af41a5df515e53b4e9a3c11dd60874f79d7c07f344a658f5334fef6cbaa4a04	5596	assets\plus-jakarta-sans-vietnamese-400-normal-B8TCSmUq.woff	https://doc.openlux.ai/assets/plus-jakarta-sans-vietnamese-400-normal-B8TCSmUq.woff
89bca04c713c80fb9ec1c757c21b3ea1bcb46fe1612e11c21ca78db121003280	4096	assets\plus-jakarta-sans-vietnamese-400-normal-Cg2kxhWu.woff2	https://doc.openlux.ai/assets/plus-jakarta-sans-vietnamese-400-normal-Cg2kxhWu.woff2
7b713066d41752b321dcb8193b245ce4e99b55883c67c5b16f4d261de91ad66c	5788	assets\plus-jakarta-sans-vietnamese-500-normal-CvE5C8T-.woff	https://doc.openlux.ai/assets/plus-jakarta-sans-vietnamese-500-normal-CvE5C8T-.woff
71b1934f88d0de7be49026dbd4dcea3347267b896255b3d6f68ab91ce336a939	4284	assets\plus-jakarta-sans-vietnamese-500-normal-DiU8zqi-.woff2	https://doc.openlux.ai/assets/plus-jakarta-sans-vietnamese-500-normal-DiU8zqi-.woff2
f6ae137fcdb5359783aa2d69ccb6e5023c3091ed865c2c57579954256eee2257	5744	assets\plus-jakarta-sans-vietnamese-600-normal-5YsyKbU1.woff	https://doc.openlux.ai/assets/plus-jakarta-sans-vietnamese-600-normal-5YsyKbU1.woff
a8443c4814ae569fb8170ed2d6175c077d3742e821d4986b0c2f6f1f452b1b09	4196	assets\plus-jakarta-sans-vietnamese-600-normal-Y4VTTRme.woff2	https://doc.openlux.ai/assets/plus-jakarta-sans-vietnamese-600-normal-Y4VTTRme.woff2
594042b8ae9144c606b755a7b2ec64b87b245bbdb1bcaf9f9c8bd97af432e7c1	5776	assets\plus-jakarta-sans-vietnamese-700-normal-BCh_uG_5.woff	https://doc.openlux.ai/assets/plus-jakarta-sans-vietnamese-700-normal-BCh_uG_5.woff
4dda300501fe09bb074a0559f9d58d8deede6cb9c34a06190d62d91f4790bc58	4268	assets\plus-jakarta-sans-vietnamese-700-normal-CV6qDkkj.woff2	https://doc.openlux.ai/assets/plus-jakarta-sans-vietnamese-700-normal-CV6qDkkj.woff2
ad1d2d056603e0639ef7ccd71191e877d65e3a3d409fe3c2b7ec95e42df3ae6f	847	assets\programming-bug.svg-CTerhDYh.js	https://doc.openlux.ai/assets/programming-bug.svg-CTerhDYh.js
191c46085498157307cef3d5501f2fe79a662cf5d5306ab27443d22dc68587b7	476	assets\programming-cloud.svg-DOzCQ7dA.js	https://doc.openlux.ai/assets/programming-cloud.svg-DOzCQ7dA.js
d153dce611c67bf31c54be5b543d40eea9eb65576528add8ab174d1744287da3	603	assets\programming-computer-database-server.svg-CId-OEOX.js	https://doc.openlux.ai/assets/programming-computer-database-server.svg-CId-OEOX.js
10d63144fc7d28087972dc3be200ab3cc152e150b4ad96eccd91d9f07f18a785	994	assets\programming-computer-database.svg-Bmfc3OXG.js	https://doc.openlux.ai/assets/programming-computer-database.svg-Bmfc3OXG.js
e9bda777c4c2e447acb9b54770e32be252a1fc13354613629357cf94c8e2363e	726	assets\programming-module-four-layout.svg-B-tZ4nOL.js	https://doc.openlux.ai/assets/programming-module-four-layout.svg-B-tZ4nOL.js
ca0f400f221c76b24031693efc6d256e8e216344bd7737b6a17a78db1a6b88d2	611	assets\programming-module-three.svg-Ba8wsHxm.js	https://doc.openlux.ai/assets/programming-module-three.svg-Ba8wsHxm.js
05bb8260874b89f0cd60c4f32aa752020e6ea420816e6522c9be4c3919e452fc	595	assets\programming-module.svg-D3K4lgp0.js	https://doc.openlux.ai/assets/programming-module.svg-D3K4lgp0.js
bc5958b6912661baf993bc237d75d7182572f6131551a1ff630070e809ae1e0d	567	assets\programming-script-code.svg-CgIeXF5T.js	https://doc.openlux.ai/assets/programming-script-code.svg-CgIeXF5T.js
71432967007c9dc86306c4b9796d713c3aacf7687ccb3d831fa99ae212006e59	629	assets\shopping-cart.svg-CXk0ROdd.js	https://doc.openlux.ai/assets/shopping-cart.svg-CXk0ROdd.js
147f152a66aa25334bdd64e793340f62060aea5eabb8fd0ae8c70bc3451a36aa	1082	assets\shopping-gift-present.svg-fg4kYf4t.js	https://doc.openlux.ai/assets/shopping-gift-present.svg-fg4kYf4t.js
cf17c28e8f4482c166d3c1665440d63983ab10ff323e0b47bd5af50d73cde437	677	assets\shopping-shipping-box-parcel-package.svg-CBJuP53R.js	https://doc.openlux.ai/assets/shopping-shipping-box-parcel-package.svg-CBJuP53R.js
43d1a46173ee6d97868ecef35c7842d4211e2b14a9b1733919cfbe1b845e7fde	236533	assets\style-Dy8OOJux.css	https://doc.openlux.ai/assets/style-Dy8OOJux.css
831e5b34a400749559b940aca1faa2e71d68c60b656518b39a9e83df4fa15b23	515	assets\tag-new-circle.svg-BH8CQkJV.js	https://doc.openlux.ai/assets/tag-new-circle.svg-BH8CQkJV.js
5d358df0716be5e14056807d52724e9d0c61ce7786838d72e94bf2e2c9d2c499	1140	assets\travel-map-earth-globe.svg-DDXG2gjA.js	https://doc.openlux.ai/assets/travel-map-earth-globe.svg-DDXG2gjA.js
56cccb4521af41cab8a510e4ba51ea092a808690b3ced243b04b7428b28ccfa1	984	en/explore/index.html	https://doc.openlux.ai/en/explore
56cccb4521af41cab8a510e4ba51ea092a808690b3ced243b04b7428b28ccfa1	984	en/index.html	https://doc.openlux.ai/en
56cccb4521af41cab8a510e4ba51ea092a808690b3ced243b04b7428b28ccfa1	984	en/login/index.html	https://doc.openlux.ai/en/login
56cccb4521af41cab8a510e4ba51ea092a808690b3ced243b04b7428b28ccfa1	984	en/reference/kling/index.html	https://doc.openlux.ai/en/reference/kling
56cccb4521af41cab8a510e4ba51ea092a808690b3ced243b04b7428b28ccfa1	984	en/tutorials/quickstart-python/index.html	https://doc.openlux.ai/en/tutorials/quickstart-python
56cccb4521af41cab8a510e4ba51ea092a808690b3ced243b04b7428b28ccfa1	984	explore/index.html	https://doc.openlux.ai/explore
56cccb4521af41cab8a510e4ba51ea092a808690b3ced243b04b7428b28ccfa1	984	index.html	https://doc.openlux.ai/
56cccb4521af41cab8a510e4ba51ea092a808690b3ced243b04b7428b28ccfa1	984	login/index.html	https://doc.openlux.ai/login
56cccb4521af41cab8a510e4ba51ea092a808690b3ced243b04b7428b28ccfa1	984	path\to\file\audio.mp3	https://doc.openlux.ai/path/to/file/audio.mp3
56cccb4521af41cab8a510e4ba51ea092a808690b3ced243b04b7428b28ccfa1	984	path\to\file\german.mp3	https://doc.openlux.ai/path/to/file/german.mp3
56cccb4521af41cab8a510e4ba51ea092a808690b3ced243b04b7428b28ccfa1	984	reference/kling/index.html	https://doc.openlux.ai/reference/kling
56cccb4521af41cab8a510e4ba51ea092a808690b3ced243b04b7428b28ccfa1	984	tutorials/quickstart-python/index.html	https://doc.openlux.ai/tutorials/quickstart-python
5229f79c3a180852ca6f28998674dc43def22027a38beff830bb00272d8113dd	85220	tutorials\assets\help\plugins\5459055\551489.png	https://doc.openlux.ai/tutorials/assets/help/plugins/5459055/551489.png
e0d21e98aeb5643459d2a6701d5094d3130ed1b83fbed7333ff80fac04ae0fb2	329169	tutorials\assets\help\plugins\5459057\476571.png	https://doc.openlux.ai/tutorials/assets/help/plugins/5459057/476571.png
dca3ff91c7c28ab2d5731e3b864608923de091c7eee23b359baaeec2f8feea7b	78431	tutorials\assets\help\plugins\5459057\476572.png	https://doc.openlux.ai/tutorials/assets/help/plugins/5459057/476572.png
e1c5c6e5e34875445ad1bfa516464e47de48d518a8c7f739a588e9b18bd5e1ec	144108	tutorials\assets\help\plugins\5459057\551498.png	https://doc.openlux.ai/tutorials/assets/help/plugins/5459057/551498.png
a89ce99414ed62ef759c73c362d0e5295c71f086eb540521736991d4f023c8d2	220558	tutorials\assets\help\plugins\5459059\551485.png	https://doc.openlux.ai/tutorials/assets/help/plugins/5459059/551485.png
fd5556ddd87e380a4acfd855910a1b0e467215fa992abe3d6817037e1b4f2deb	77189	tutorials\assets\help\plugins\5459061\585756.png	https://doc.openlux.ai/tutorials/assets/help/plugins/5459061/585756.png
bfb53768fd3f1d20c8cb0286bec427aabeacce569ad979ad859d93c07e862b2a	137635	tutorials\assets\help\plugins\5459062\551481.png	https://doc.openlux.ai/tutorials/assets/help/plugins/5459062/551481.png
ee960ca9239b23123c4f5be2e37969d3edf0265662f1a8ed19b17ef3135fa2ff	354016	tutorials\assets\help\plugins\5459066\476577.png	https://doc.openlux.ai/tutorials/assets/help/plugins/5459066/476577.png
533e52e647df35e16b2b35c010214b0994a40a590dd494c5d0947a5e7f0119b4	205113	tutorials\assets\help\plugins\5459067\476578.png	https://doc.openlux.ai/tutorials/assets/help/plugins/5459067/476578.png
19b0e5651a68c9b1362b224414749d6d9bf249eb3b0ab31549a26ee295a9b55e	36819	tutorials\assets\help\plugins\5900725\492866.png	https://doc.openlux.ai/tutorials/assets/help/plugins/5900725/492866.png
0904f376da5faf5a1b91d681ec837c6f138838d6583e20a9b1ab2404e7389542	100079	tutorials\assets\help\plugins\5900725\492867.png	https://doc.openlux.ai/tutorials/assets/help/plugins/5900725/492867.png
0b65eaa42eae23f67931fa89a419d4d6e64333286b7e996353a6a42144cbcbd4	97133	tutorials\assets\help\plugins\5900725\492869.png	https://doc.openlux.ai/tutorials/assets/help/plugins/5900725/492869.png
cdcb9bd40cd4b2c36ab7970370474c5ba761748afc980960ab2e52b54c9d0695	78150	tutorials\assets\help\plugins\5900725\492870.png	https://doc.openlux.ai/tutorials/assets/help/plugins/5900725/492870.png
a03cb4b4eb912cd2687718948ddb8516e133a483cf5e5945e4a336c8ebbd8842	102243	tutorials\assets\help\plugins\5900725\492871.png	https://doc.openlux.ai/tutorials/assets/help/plugins/5900725/492871.png
f7e183bbfbaa2ef17219ad12e2c1e5eed5e564d2e5651b85393466f54db62a9c	41446	tutorials\assets\help\plugins\5900725\551455.png	https://doc.openlux.ai/tutorials/assets/help/plugins/5900725/551455.png
7baa7c4ce0cba902a372e5474fddf0828f05288d1adb5f7a588beca5c6ec51eb	96177	tutorials\assets\help\plugins\5901956\492947.png	https://doc.openlux.ai/tutorials/assets/help/plugins/5901956/492947.png
2d89c2b8e8d3967bf9c7667c48b60c9941e5b9e265fbd4771791fb0d3e3b72a2	30136	tutorials\assets\help\plugins\5901956\551476.png	https://doc.openlux.ai/tutorials/assets/help/plugins/5901956/551476.png
7d61ae57a26df800f4c0b9cb0edb81ecc83733208042ff024597db351660125b	75825	tutorials\assets\help\plugins\5987397\495268.png	https://doc.openlux.ai/tutorials/assets/help/plugins/5987397/495268.png
7789ead7980a3e303230990db91288a1f92f10149dc912d07c459206604fe232	28311	tutorials\assets\help\plugins\5987397\525125.png	https://doc.openlux.ai/tutorials/assets/help/plugins/5987397/525125.png
b31b471153123c4bcc920b0627f0e71e3b60412da4549d21e39c62be64019336	15193	tutorials\assets\help\plugins\5987397\551402.png	https://doc.openlux.ai/tutorials/assets/help/plugins/5987397/551402.png
2e453ddd96a0e5561a939d037be0010bbae6acc20a2410f3db4145c57b9e0d5f	98457	tutorials\assets\help\plugins\5987397\551431.png	https://doc.openlux.ai/tutorials/assets/help/plugins/5987397/551431.png
e1912debadb8a54209b482f22dff550f249ba1e00f3bb5cda2e3736d78f65df7	50726	tutorials\assets\help\plugins\6458685\512908.png	https://doc.openlux.ai/tutorials/assets/help/plugins/6458685/512908.png
6f687d196ac999ffb1d0c4dae01389041fc273e003b68eab35f89ede70c9bee2	14824	tutorials\assets\help\plugins\6458685\512911.png	https://doc.openlux.ai/tutorials/assets/help/plugins/6458685/512911.png
58aac3e96b358bb47e8498376acaeac156a2c9c8cf84a4cd39f04f0cacafb098	16289	tutorials\assets\help\plugins\6458685\512912.png	https://doc.openlux.ai/tutorials/assets/help/plugins/6458685/512912.png
acfe9834d1ff3782703acdac4b7a1e88d63cfc1e01a3090785d13db41a43acdd	63688	tutorials\assets\help\plugins\6458685\512914.png	https://doc.openlux.ai/tutorials/assets/help/plugins/6458685/512914.png
a70f2f006233d956c179598124a8eee356c5402d688ab172cc46444b1b775524	9398	tutorials\assets\help\plugins\6458685\512915.png	https://doc.openlux.ai/tutorials/assets/help/plugins/6458685/512915.png
af2e0e450e2fa456ca1110d03b827be5dd52595de9499c399959f1d40d469e3f	69332	tutorials\assets\help\plugins\6458685\512916.png	https://doc.openlux.ai/tutorials/assets/help/plugins/6458685/512916.png
a1cc96093a512e8547d1b4760d08fe0d728792ae77b8997e91d289283ddd225b	20923	tutorials\assets\help\plugins\6458685\551413.png	https://doc.openlux.ai/tutorials/assets/help/plugins/6458685/551413.png
ec9cac50fc0ddd0b9d7aee4881cc634e3e17cb0c0af60d07e68276083e0dcd2d	53026	tutorials\assets\help\plugins\6874585\535134.png	https://doc.openlux.ai/tutorials/assets/help/plugins/6874585/535134.png
b4ad9e8883d78eb50378f1a34c36f7f84fa75abb37e7986fea2ae4b84d29c2c3	95007	tutorials\assets\help\plugins\6874585\535135.png	https://doc.openlux.ai/tutorials/assets/help/plugins/6874585/535135.png
4f6d056bf2c8c3b70bb4ea4acebe1e9a417b29731ac005f716870c2dc50951f6	59067	tutorials\assets\help\plugins\6874585\551440.png	https://doc.openlux.ai/tutorials/assets/help/plugins/6874585/551440.png
d37cda4082bbc56071c0574ec055f28d58df07cbb5a1ab866bd6578d651896e2	65105	tutorials\assets\help\plugins\6874585\551453.png	https://doc.openlux.ai/tutorials/assets/help/plugins/6874585/551453.png
92626887006aced3809b43904775e3fa21cc399cf1b2d3f6a9b5f39157dbd468	91643	tutorials\assets\help\plugins\7248718\556510.png	https://doc.openlux.ai/tutorials/assets/help/plugins/7248718/556510.png
3ab83027292acd44c23cd84dfad11317e537c4cd6d81a4897795e42ddec77c59	160092	tutorials\assets\help\plugins\7248718\556512.png	https://doc.openlux.ai/tutorials/assets/help/plugins/7248718/556512.png
1c1c58f749d8229459d46f14e730e3cc9e526d1ac3baa791d4d4a23b409c6fc0	142906	tutorials\assets\help\plugins\7248718\556513.png	https://doc.openlux.ai/tutorials/assets/help/plugins/7248718/556513.png
1bd2400970a6e4133b796eaa3a1033d6434493bf3d40e18d6bf4c8090f30ec39	162684	tutorials\assets\help\plugins\7248718\556514.png	https://doc.openlux.ai/tutorials/assets/help/plugins/7248718/556514.png
a7c454646064c19b0425eb68800d8b66fe6f05b381255ec125dfaabc75a0fe09	142328	tutorials\assets\help\plugins\7248718\556515.png	https://doc.openlux.ai/tutorials/assets/help/plugins/7248718/556515.png
766bc9f5bdcc00cff1d01bad3bb7bba0366b4609268b757553d3606ffc990ffa	125176	tutorials\assets\help\plugins\7248718\556516.png	https://doc.openlux.ai/tutorials/assets/help/plugins/7248718/556516.png
0fa096fc841a143b28f46f011244aab77661ac0c718922d45f806d973427092e	41684	tutorials\assets\help\plugins\7248718\556517.png	https://doc.openlux.ai/tutorials/assets/help/plugins/7248718/556517.png
157848dfbe1894d14b99b42a7eba776ed6f8065a9dc0703b74f737f1c823e7de	119133	tutorials\assets\help\plugins\7248718\556518.png	https://doc.openlux.ai/tutorials/assets/help/plugins/7248718/556518.png
bfa7f7a816a3f898d98fb0f588677cbfe7f86484f1aeb5565c5c741bfb3386d1	120407	tutorials\assets\help\plugins\7248718\556519.png	https://doc.openlux.ai/tutorials/assets/help/plugins/7248718/556519.png
e145e11e0b48b10a538f6962c4b1d31d714be21b90db2bbae3257cce4585fd6a	135819	tutorials\assets\help\plugins\7248718\556520.png	https://doc.openlux.ai/tutorials/assets/help/plugins/7248718/556520.png
b9a6bf4e7baa926560241e2a3291e2f71a7d89c172e61b7f6dbf21b4991d712f	50234	tutorials\assets\help\plugins\7422014\575119.png	https://doc.openlux.ai/tutorials/assets/help/plugins/7422014/575119.png
a9eac3e62e917f7a1b283b4e835fbc195ebbc19ba122cef41ffce92f52f0dd94	87056	tutorials\assets\help\plugins\7422014\575120.png	https://doc.openlux.ai/tutorials/assets/help/plugins/7422014/575120.png
b2b62027916da0e590a0fb7d425886428fa769b4bdaf03c30e7d0602b609dfee	70733	tutorials\assets\help\plugins\7422014\575121.png	https://doc.openlux.ai/tutorials/assets/help/plugins/7422014/575121.png
80eba1dca2a507743095fdc1588e2de6b93b87236d6c6711a1ffded88716ab85	17913	tutorials\assets\help\plugins\7422014\575122.png	https://doc.openlux.ai/tutorials/assets/help/plugins/7422014/575122.png
4ba95fdf12a1a70e52ae3fc52a4506a12884545017b7f459933255367cbbc4e7	158131	tutorials\assets\help\plugins\7422014\575123.png	https://doc.openlux.ai/tutorials/assets/help/plugins/7422014/575123.png
f3de6b4dc855554770d6660b91a8843b9c1b9535d8e12fad2d6be297e36a5afb	19094	tutorials\assets\help\plugins\7422014\575124.png	https://doc.openlux.ai/tutorials/assets/help/plugins/7422014/575124.png
d05380345b473270760045439bcb9712fe708a8565cd8d55d8dd6bb89961cc85	18056	tutorials\assets\help\plugins\7422014\575125.png	https://doc.openlux.ai/tutorials/assets/help/plugins/7422014/575125.png
9d24aa30b102c7f75301ea71be1d4160ef15d50956850a1d91e999b056ee655d	61636	tutorials\assets\help\plugins\7422014\575126.png	https://doc.openlux.ai/tutorials/assets/help/plugins/7422014/575126.png
bf6b05bee0e8fa97ebcb5c435bd28692033e512a7efbc030a9dff63e74922f23	18489	tutorials\assets\help\plugins\7422014\575127.png	https://doc.openlux.ai/tutorials/assets/help/plugins/7422014/575127.png
65b51ad1c693849e1ab0fd45fa7517234795613948806a35d42b5b8bad380086	41201	tutorials\assets\help\plugins\7467073\578660.png	https://doc.openlux.ai/tutorials/assets/help/plugins/7467073/578660.png
b89f1b9121701a66127f69ae5eb8518a281ea172996ebac646d0afe6f686f8c4	42681	tutorials\assets\help\plugins\7467073\578666.png	https://doc.openlux.ai/tutorials/assets/help/plugins/7467073/578666.png
7003337bfb4c574261a83f6ff998ae7d3e4aa97418754fb0b301913fdd33e091	86640	tutorials\assets\help\plugins\7467073\578667.png	https://doc.openlux.ai/tutorials/assets/help/plugins/7467073/578667.png
6370c3d5191704eadc6b112a8fd57bf0b8d5be581747b7c0fe889fa20cb79695	142821	tutorials\assets\help\plugins\7467073\578669.png	https://doc.openlux.ai/tutorials/assets/help/plugins/7467073/578669.png
a7da53612958d3b751c32f32bbe3cd93494789bed9fc2dab5ce474d583be74d5	64720	tutorials\assets\help\plugins\7467073\578673.png	https://doc.openlux.ai/tutorials/assets/help/plugins/7467073/578673.png
28010c63bbf4017b87cf7b2a65bd3ea23d5542dd44c26bbe672773bdc93b51f0	62067	tutorials\assets\help\plugins\7467073\578676.png	https://doc.openlux.ai/tutorials/assets/help/plugins/7467073/578676.png
961c83010265174395a0faeed040d611701f336d33aea5587fff7feb9d1dddd0	124365	tutorials\assets\help\plugins\7467073\578693.png	https://doc.openlux.ai/tutorials/assets/help/plugins/7467073/578693.png
61b1e32c65132f7552003aacf973b9a10b0f4ff4520f935f9ca1e430f9efa6e0	84594	tutorials\assets\help\plugins\7467073\578698.png	https://doc.openlux.ai/tutorials/assets/help/plugins/7467073/578698.png
ec19975a6d168881537cdf9dafb1dbd4726ea436ae96a2b74a456292216c12cb	234618	tutorials\assets\help\plugins\7540676\583821.png	https://doc.openlux.ai/tutorials/assets/help/plugins/7540676/583821.png
75a41232163f61c7e4f92ad6db4d115a2ac29d717ac9ea1f3381b1c543736d75	168662	tutorials\assets\help\plugins\7540676\583823.png	https://doc.openlux.ai/tutorials/assets/help/plugins/7540676/583823.png
a453ddfaff98d2343c52adfed334b3349159bd5fdfaa552a3fadc52c44f4bb73	217125	tutorials\assets\help\plugins\7540676\583826.png	https://doc.openlux.ai/tutorials/assets/help/plugins/7540676/583826.png
57180fe93e1bc16bb7b3019cf7b59a3edaec40f2877480c29f88f9e37b0222e7	165066	tutorials\assets\help\plugins\7540676\583828.png	https://doc.openlux.ai/tutorials/assets/help/plugins/7540676/583828.png
c5854a7ea067a3dc7c040abf1bef2536b163916052f22a37cf780a0e86950631	247819	tutorials\assets\help\plugins\7540676\583829.png	https://doc.openlux.ai/tutorials/assets/help/plugins/7540676/583829.png
53886983facddf5a67c7100edafbda07a549eeb28791fed460ae099a6c3740f0	125898	tutorials\assets\help\plugins\7540676\583832.png	https://doc.openlux.ai/tutorials/assets/help/plugins/7540676/583832.png
3e78f604759305ce5de6e73c7be0aec77c15217b213f5382007bba8aee062c44	118890	tutorials\assets\help\plugins\7540676\583859.png	https://doc.openlux.ai/tutorials/assets/help/plugins/7540676/583859.png
990336e91730d038681e746eaf9663a24cce6a8cd142dcb45e4e7347df944617	155985	tutorials\assets\help\plugins\7540676\583864.png	https://doc.openlux.ai/tutorials/assets/help/plugins/7540676/583864.png
efd85264665ecbd60c25558bbebcd9bf83c8023893f87bef1328e3fa8d78ce00	103037	tutorials\assets\help\plugins\7540676\583868.png	https://doc.openlux.ai/tutorials/assets/help/plugins/7540676/583868.png
0c91b0b078f7c84ec229f6ccc7844f7103c2dd95489e4a96c5832d47901e1e88	99640	tutorials\assets\help\plugins\7865129\604975.png	https://doc.openlux.ai/tutorials/assets/help/plugins/7865129/604975.png
8bb625dbe9f85a0ba81f124c528fec34951d26ab32d6eb730584a12e5dda83f8	388353	tutorials\assets\help\plugins\7865129\604976.png	https://doc.openlux.ai/tutorials/assets/help/plugins/7865129/604976.png
963aca4561aba24a3fbccc3e3c80af160f5728e62c7463de810deacfc9819345	107508	tutorials\assets\help\plugins\7906925\606569.png	https://doc.openlux.ai/tutorials/assets/help/plugins/7906925/606569.png
c8936745c039988d54b22f3be13a2f3d1d85e4f5a40bf4605122be21d193a23f	104656	tutorials\assets\help\plugins\7906925\606570.png	https://doc.openlux.ai/tutorials/assets/help/plugins/7906925/606570.png
55469ded05f032e15b54107083e700ecb7114b629fa84fc1e0bf28a48d1532c2	98877	tutorials\assets\help\plugins\7906925\606571.png	https://doc.openlux.ai/tutorials/assets/help/plugins/7906925/606571.png
5aad051ea02bf32f8ca10e2d94fef5b5e27aee0feba85315b75ea4b4b1e1e16b	76448	tutorials\assets\help\plugins\7906925\606572.png	https://doc.openlux.ai/tutorials/assets/help/plugins/7906925/606572.png
0bd82cbe8ff9c1b7c24f460455929f455b5c9b3ea62077f64dbd615cceac4aef	16168	tutorials\assets\help\plugins\7906925\606573.png	https://doc.openlux.ai/tutorials/assets/help/plugins/7906925/606573.png
4902badbfcf5354cde296c2af9123006d6ae146b4784b6fc0950ceba620f5015	110692	tutorials\assets\help\plugins\7906925\606574.png	https://doc.openlux.ai/tutorials/assets/help/plugins/7906925/606574.png
5d8f88acef17b21ef3b74351dd489d72422fdcccc41f775fbff319a131179f33	39088	tutorials\assets\help\plugins\7906925\606575.png	https://doc.openlux.ai/tutorials/assets/help/plugins/7906925/606575.png
d8fb006314e9c93a7387d9f9fa84c08bae8da6864b1dd96ced2487ee10fb6e51	78961	tutorials\assets\help\plugins\7906925\606576.png	https://doc.openlux.ai/tutorials/assets/help/plugins/7906925/606576.png
d39fcef4731116eaeabcb2418e97007f5de503ea4617ab437bc72998e0f47b4b	134520	tutorials\assets\help\plugins\7906925\606577.png	https://doc.openlux.ai/tutorials/assets/help/plugins/7906925/606577.png
767b5fb56bed3677aa8d9e2dda8df055dc952c1468ad9808f26268798f06f1a8	215478	tutorials\assets\help\plugins\7906925\606578.png	https://doc.openlux.ai/tutorials/assets/help/plugins/7906925/606578.png
041652a1f71c935d15c221526aba7965be1fe1e5be3182f0e2e5518c5849b35c	286196	tutorials\assets\help\plugins\7989459\611035.png	https://doc.openlux.ai/tutorials/assets/help/plugins/7989459/611035.png
2a6cd4ab1db65f410f69e24ecdbe89994edee2f97104e4d57f8f427a1a552ec9	57487	tutorials\assets\help\plugins\7989459\611037.png	https://doc.openlux.ai/tutorials/assets/help/plugins/7989459/611037.png
d93aa56903f51ca752cd3b8e6d2e68301fd81e842404c0ade32b7eb56e2abdeb	65064	tutorials\assets\help\plugins\7989459\611039.png	https://doc.openlux.ai/tutorials/assets/help/plugins/7989459/611039.png
2b58d436ea31e33a297e84b95938096bc77aa4a4cf6933cc52f27110c9d690a0	43673	tutorials\assets\help\plugins\7989459\611042.png	https://doc.openlux.ai/tutorials/assets/help/plugins/7989459/611042.png
6bd815a62a67f3bb802be2c61b8f104f3dc2cd300a94aaf06cbcf5dd640e3d44	32356	tutorials\assets\help\plugins\7989459\611056.png	https://doc.openlux.ai/tutorials/assets/help/plugins/7989459/611056.png
b4f762a292a758edd4502c081bb5629355c031c6e2f7ae81781620d4a49fb5e3	53131	tutorials\assets\help\plugins\7989459\611068.png	https://doc.openlux.ai/tutorials/assets/help/plugins/7989459/611068.png
ac343326c52dbac58b7369d8c60f0e8307609e17fd7ff5b8894029bb709a3ca3	43610	tutorials\assets\help\plugins\7989459\611069.png	https://doc.openlux.ai/tutorials/assets/help/plugins/7989459/611069.png
90f8d69a7581a1c1c4c0ae85cbc55215820c9b3d5d8d1e9a362f95c8f04d66b3	34514	tutorials\assets\help\plugins\7989459\611072.png	https://doc.openlux.ai/tutorials/assets/help/plugins/7989459/611072.png
d4f646fedcf96c527c89a55eb59c1d5452092f0c9ed7fc75acd20d011d3a3d17	66229	tutorials\assets\help\plugins\7989459\611074.png	https://doc.openlux.ai/tutorials/assets/help/plugins/7989459/611074.png
8443010c4d8ee59da031817ab9281081509dc1636b8b736db9a69b9b7ac3de0f	42411	tutorials\assets\help\plugins\7989459\611075.png	https://doc.openlux.ai/tutorials/assets/help/plugins/7989459/611075.png
abb311e94682206a26bbfa50fc96f997c37f631d8e6e9d61c5bd76e4581307d8	18995	tutorials\assets\help\plugins\7989459\611081.png	https://doc.openlux.ai/tutorials/assets/help/plugins/7989459/611081.png
fef5e72c3365dc2d6bc38ce3863e1d6363d8b764dd8b24ebb76de7a00e4509dc	60374	tutorials\assets\help\plugins\7989459\611084.png	https://doc.openlux.ai/tutorials/assets/help/plugins/7989459/611084.png
e5da7fa39f5d6544d580c0c188a85609c8b7dd833793b855111f7254d7b6646c	59794	tutorials\assets\help\plugins\7989459\611085.png	https://doc.openlux.ai/tutorials/assets/help/plugins/7989459/611085.png
adaf17e7479897c14b7bbb39ed7ef0091e9cf79c98b07a7bb83b3cb0a899c14a	338095	tutorials\assets\help\plugins\7989459\611088.png	https://doc.openlux.ai/tutorials/assets/help/plugins/7989459/611088.png
1617cb83d42127735421885851f59bff3d8a943d9e95e9687c86b12fb58a4c51	40267	tutorials\assets\help\plugins\8105901\618577.png	https://doc.openlux.ai/tutorials/assets/help/plugins/8105901/618577.png
68c36ab9be876acc2537df83a5fc496f68a1c2ffe09ffaebb7283479aadb9948	22059	tutorials\assets\help\plugins\8105901\618580.png	https://doc.openlux.ai/tutorials/assets/help/plugins/8105901/618580.png
55b96cf6c9f6dc09a81a3676aaee6ae88d9fbadc4f50add7d9ca33d557266131	32059	tutorials\assets\help\plugins\8105901\618581.png	https://doc.openlux.ai/tutorials/assets/help/plugins/8105901/618581.png
2f3df5e8fc40f187dcec830fa9fb8164a07ae02632f6761c7f3285f162e385ec	111296	tutorials\assets\help\plugins\8105901\618584.png	https://doc.openlux.ai/tutorials/assets/help/plugins/8105901/618584.png
ceebbdd7d0a6b3673276e48786a88fe32c785245a24063424e3da6aa636d7763	49470	tutorials\assets\help\plugins\8274043\629002.png	https://doc.openlux.ai/tutorials/assets/help/plugins/8274043/629002.png
393090ba8cbe0663d73ff3aa65ed700e0cc33de5d999f94fedb0c5a8a0dfa2b5	31333	tutorials\assets\help\plugins\8274043\629006.png	https://doc.openlux.ai/tutorials/assets/help/plugins/8274043/629006.png
f7d68ccc4b0c3a54a68866f45640544151acdadefbe8af21f593180d299b5954	32606	tutorials\assets\help\plugins\8274043\629008.png	https://doc.openlux.ai/tutorials/assets/help/plugins/8274043/629008.png
751d92481cf96840c2e67a4d481fa46ecb390016ce7d9966e88976c5190b892e	295162	tutorials\assets\help\plugins\8274043\629056.png	https://doc.openlux.ai/tutorials/assets/help/plugins/8274043/629056.png
c6eed86d22d544598e98e7c9fec3fa612742eea84e36daf4a515695d44c041db	110230	tutorials\assets\help\plugins\8274043\648365.png	https://doc.openlux.ai/tutorials/assets/help/plugins/8274043/648365.png
10fa7ff765199f988f21c88da6d3279a169014d9e4e430229f2f243e4a4c572f	4170470	tutorials\assets\help\python\6562372\519764.png	https://doc.openlux.ai/tutorials/assets/help/python/6562372/519764.png
edb5ea59c04a117d108ec76e1a0551365289fa18980c56bd1da818ba1b548462	1181847	tutorials\assets\help\python\6562372\519765.png	https://doc.openlux.ai/tutorials/assets/help/python/6562372/519765.png
d068aa0bef6985c27b0ec11050282631c6d81d9e70af62a90a9752d3ee89a8b5	1082874	tutorials\assets\help\python\6562372\519766.png	https://doc.openlux.ai/tutorials/assets/help/python/6562372/519766.png
1f3e8c26fc1a3c602d0b825ec78cee970abc936eaed01b49b1b3e244a5d20cb0	1007401	tutorials\assets\help\python\6562372\519767.png	https://doc.openlux.ai/tutorials/assets/help/python/6562372/519767.png
fb9efb5d37e0a449b79def1e01ddf533195cd27690a240a35aed6f8afaec38f7	1023174	tutorials\assets\help\python\6562372\519768.png	https://doc.openlux.ai/tutorials/assets/help/python/6562372/519768.png
8845b35c2f9720be66e0fa5ae50b08f8a0ebef15011762d8b067875b9fabf562	1034850	tutorials\assets\help\python\6562372\519769.png	https://doc.openlux.ai/tutorials/assets/help/python/6562372/519769.png
785da1bf68a3f6f171ce66f883066400a465b64bc2995d266c7be37bfba22f0b	26341	tutorials\assets\help\relay-intro\5459010\564771.png	https://doc.openlux.ai/tutorials/assets/help/relay-intro/5459010/564771.png
4791bfe2a6b4b0a28412114015655f67eafc2ac4695cd2b071d1de3ce9e0604b	11920	tutorials\assets\help\relay-intro\5459010\564772.png	https://doc.openlux.ai/tutorials/assets/help/relay-intro/5459010/564772.png
163ec6f3129c428f1f78a80892e9c751f05e974bcfaab455812de3c258f8daf3	91317	tutorials\assets\help\relay-intro\5459010\564773.png	https://doc.openlux.ai/tutorials/assets/help/relay-intro/5459010/564773.png
66c3006fb748467dc4e1e2cdfea071e77dae8d97701f90936a239871f56fe492	35128	tutorials\assets\help\relay-intro\5459010\564774.png	https://doc.openlux.ai/tutorials/assets/help/relay-intro/5459010/564774.png
2b52bcf900c7a5acb3c8489bb035ef2c407a961eeb7d50da82c30b650a86ad53	60382	tutorials\assets\help\relay-intro\5459010\564775.png	https://doc.openlux.ai/tutorials/assets/help/relay-intro/5459010/564775.png
